N,P,K,temperature,humidity,ph,rainfall,label
85.9605698361348,46.61735698828815,45.18150830480554,28.269089569224075,80.12677300221331,6.28293152152541,275.4803203876848,rice
89.20921674983491,43.30525614065048,44.34048034868772,22.309746921562613,78.27416197143795,6.520981135783018,188.16799388355506,rice
59.300986009843605,42.37712470759027,31.89735103732461,24.64274199778582,74.7358073958303,5.6938481493323545,272.64121922303883,rice
77.29068439416157,48.67528204687924,28.602014510292346,22.06685182642445,82.88738071767892,5.824503211288849,245.3924504586418,rice
72.79233572097434,45.083062502067236,35.186347102164824,29.25683455352681,81.89202220209653,5.87114453552205,256.56362280257974,rice
65.34987620034774,50.08863595004755,24.322639008961794,19.715441853304707,83.57488988695299,6.769233289997706,240.28420702974927,rice
78.61222061134112,44.98896304410711,28.17182407706058,21.540467374815872,78.3148898323217,6.928561113109458,244.59045723921153,rice
58.843518135647194,51.24083969394795,36.91934175666947,21.669233999082124,86.89341031072695,6.915499761247975,259.28200297790494,rice
69.92938972132833,44.907876241487855,42.650107451228514,26.626635381367077,78.16660609723768,6.307170511668092,208.3416256498493,rice
65.64552051103195,56.125258223941984,50.84992022856658,23.483969635258997,90.02826318313619,6.580818012523817,219.8720061348719,rice
84.33674726610097,63.38036566465969,39.713391687120385,28.393930967442017,61.04203916728204,6.810951252187612,238.17617670595428,rice
76.41191179440959,48.91760776535502,24.099448683192858,23.040984336487462,84.85690057209398,7.1389470223707585,223.0432445431588,rice
70.29807676528175,42.982429564154636,47.32321694161659,24.686253328979053,77.7619183698637,6.656633716556678,238.426938733701,rice
91.62373988639467,40.979469061226474,37.37870282721786,22.523675540603527,70.29188041494305,6.548060138532288,242.52638180449722,rice
80.06136147970953,45.65412866624853,28.677034063596686,22.438064031703924,79.25828386778585,5.998861365389191,231.96785720834978,rice
84.84861028177446,66.8618590121053,41.396622502654715,24.47265117216829,81.40443267387066,5.440614392350479,235.33715311376957,rice
80.72276251929232,72.63242112485287,38.46111228175102,24.604642027000835,81.72230584235805,5.815660981190234,264.5705703628755,rice
89.02319639224129,55.910319470430466,32.724900361642085,27.908382932808298,70.78519149766176,6.693428546900136,290.76139064524943,rice
68.11356409843174,42.33702270397228,40.79721092070113,22.189573037651403,69.59469255147094,6.434281487403014,209.44240715684737,rice
85.68310916762218,38.80575765766197,52.39947524014032,21.350240122991288,79.4235078703546,6.806758608684835,205.22839208915113,rice
82.72951921524955,61.07142754282428,27.14013412351018,24.253901575596913,84.07906235398738,6.790911435888655,205.07623222804796,rice
64.15452064298869,53.21941565616898,42.375877385865486,24.451478551037628,84.7715856759758,6.059987639210755,241.80634242902508,rice
83.51686967958418,40.85648581973632,54.926196089158054,25.121498762735364,72.46957202237881,6.728276804316915,211.63295824431697,rice
89.44501524490943,59.58595579007404,33.43454145318631,26.590128387732964,85.30224741549199,6.811030079997245,283.41982456634867,rice
77.05534260796556,40.4626383564251,32.88388456299582,21.252569145103685,81.38318632468717,6.570575987408322,242.91726998325046,rice
89.92619898843229,48.13001891877907,51.62827261725853,22.90602950028613,100.0,6.712833673882503,214.57106108959294,rice
67.14929002326664,52.824724152431855,38.21229771739319,25.842001482276274,85.78590099658835,6.363585543671564,214.8301570482899,rice
61.82183330376962,43.53485047932979,46.85119035458778,24.34228123239061,72.03408977030409,6.486590462925592,245.63293449322092,rice
69.3937107655864,49.53725105945528,40.465669747568,20.27108910650813,84.86229888278626,6.6803922631841175,263.07628107938194,rice
92.64562462441884,34.22330632042909,32.49739968067902,25.24510580162598,86.11028760729766,6.657523843153024,332.31828726636803,rice
86.850686128318,59.35565640180599,47.63201410794562,25.654173753917394,79.47784604287723,6.779484610246634,216.6793696365607,rice
77.1581767191199,43.14636452170897,40.65499311509058,30.643975700020526,67.06187845926601,6.743130095187257,195.6821032202587,rice
74.3368176105268,58.889505969673664,40.514240152763705,20.46676566621208,76.27757032592025,6.739798874467338,217.74083420707157,rice
82.59750307498369,48.45571839903814,34.78719721915346,30.131832267975977,87.07135217854409,5.387428706671197,240.6613578692357,rice
72.05856242277935,56.52433334796224,33.6598340925384,23.3557906755993,86.03989823184365,6.832877597085061,205.99258982360558,rice
75.98598516990862,43.25054688839044,34.77336613941031,28.99636272084329,85.23985368768764,5.769558022832478,258.9465486763694,rice
105.4658743641516,58.32465260551147,27.845040272367893,22.247297781401244,92.13528919349298,6.04616526719061,247.0954857036557,rice
89.29560864115204,38.730695284219166,39.5237971515056,13.976197979792781,73.80489886932568,6.273715924303421,204.80542045087876,rice
99.58893564717962,33.69858622039367,36.47964410642413,24.092221731858274,93.53018631252893,5.682068924410281,265.079093803874,rice
80.12279673223505,38.18491348952049,43.69682779410616,24.29717908672041,77.19826498272964,6.43490104249501,226.36716007845598,rice
81.36220814301498,54.62130674521047,52.68813452916282,19.986553503519453,99.06426699725013,5.423956100238749,232.20537262411042,rice
87.05980647781492,50.809918677350325,35.01840384143525,23.075633248928174,78.05599252272934,6.105317621527894,257.2400524255256,rice
84.28418583158057,41.070904047393455,47.196799003466005,24.621898562629827,88.50289695071169,6.714814420961806,215.2751247269482,rice
73.27782751763637,55.472936051232615,44.88296212346772,23.637295218107553,82.93861906647025,7.038832447894213,221.21071527910425,rice
86.56516857404046,45.97807347566106,38.258550374182235,26.99633055596157,88.60333079190424,6.80675481800032,268.63697017885823,rice
80.2520460995931,54.81952971294964,37.51786594725235,24.672499057465327,80.95885556505853,6.4484979824963595,250.87892563592283,rice
70.18135180119833,68.9238727568546,31.951860948002384,20.057434161636802,91.26488698800054,6.795831346981468,251.6029954263039,rice
87.54014611117135,47.87753227153085,32.82196502811335,23.927413674581178,76.58270630790311,6.887559866708876,232.32356546244654,rice
70.09403363848986,44.78614158347007,43.303451634205,22.008826341588076,75.42223683546855,6.521843605745956,242.12416427771808,rice
73.91668189554645,43.289616943816775,41.85639949886109,19.355746975508026,70.74028980498755,6.040777889373782,230.66382120720382,rice
83.73089078717605,62.753562169495524,46.86127698561616,23.220184410109717,81.84787033677848,5.898735317681096,235.53717160019025,rice
76.53609633295834,51.227185603380896,33.38215245158142,25.258039542723516,94.26191130402063,6.3456199257715715,246.04279305247354,rice
88.28172790053335,43.987795281141636,41.79273985448334,23.737777202345384,82.78140878839065,6.013495108072267,236.61275435647357,rice
85.97597949494539,62.51143607795042,47.67416660868165,30.159547372534668,75.8612194968956,6.836160318360339,240.5835501434588,rice
106.27763519861207,39.91701714644849,33.282225262553794,21.901822063667932,65.00883420552154,6.13712248915962,217.02168346115755,rice
81.8047254377145,51.41755975777159,55.00936671372709,26.55127151455815,77.38477075470078,5.950792664325822,248.29797928766266,rice
64.15720151575229,66.31458765854353,49.435520965770294,22.292473043685884,68.29492376727298,7.0769361870827066,233.13650386868454,rice
94.85379574368154,32.05572341205633,35.20499981636982,23.71573109915455,82.37584475011793,6.174967264260379,251.57124830868747,rice
67.18855484740887,46.576205149787064,40.962365053695194,25.243316502176246,87.69291902471112,5.837678954081066,197.64714573160944,rice
95.33212186278212,51.323140119795916,34.01210770754757,28.35345592656757,82.92539707434287,6.989648592031914,237.68796203525272,rice
104.72897509858385,65.55340842443204,38.00828681216741,26.614712852863065,87.16300759668118,7.084315778766174,211.8769134854974,rice
88.23261751998128,58.58424486849588,25.930084108615084,20.150224462002676,65.6861425779192,6.265296582777721,253.93855639489905,rice
98.02828462515234,48.74094780419775,53.02892436457034,19.559695625355324,68.37294048515876,6.372226150551691,245.60163622348267,rice
79.60766302287088,27.325578999601234,39.287039683897696,19.78659149848544,87.3573803906403,6.583299123048424,212.5030053418161,rice
73.83359699195968,37.40786478111048,39.498567221814625,26.565426961503714,74.11419162931566,6.6520232577589224,222.74355954068898,rice
70.48552601285186,46.929696400454425,31.718061420645007,22.039052083958452,72.4169768592892,7.382362566458195,236.8815887992932,rice
71.60329390408897,50.13979910734222,39.10137560247336,23.03709120140033,86.9133336003474,6.778753855023653,222.7374713097368,rice
73.09018111226383,45.24948302848356,21.58463068211532,19.154426813404342,92.9349941395562,7.222483856750642,229.77409901109056,rice
86.9186835566692,51.112501545435364,64.63104646764191,27.05872473430373,80.97665926815387,5.922229779699787,195.8388419935607,rice
82.44156363040668,40.436492547156966,28.621970323218605,21.760281347272418,73.34761597108483,7.243570817536282,258.04099392373627,rice
79.90432830420059,62.79944138890026,40.61894646118095,21.116147396015208,94.18499261815725,6.66945502184233,210.0688461418386,rice
77.7159358629967,39.24381746615243,28.93760215228531,26.478532642594924,97.27533312376104,5.70071621309043,250.07423091726426,rice
72.19228917053807,43.12874616235304,35.26084860608905,21.10802769096055,82.38817302355862,5.984524941794481,242.76142064449596,rice
79.39714268661035,45.6105195313359,32.739490703667215,21.969686008295,88.04312980660605,6.650458593812191,211.56111888003622,rice
81.1919876651507,55.51387123371789,26.644757751029026,25.330080577139803,76.69900992843323,6.68529933429658,216.91852108643707,rice
58.34141479202577,31.724575621168373,40.38467957329106,24.479167505164444,74.76546699916473,6.7192962293886875,194.461998443276,rice
79.2070424162322,35.889838002375434,34.785311137582724,23.84219601394924,75.11669307772839,6.207722227885088,261.157320230361,rice
73.07729756572222,56.35692112065142,30.962345162739055,25.289412533745846,93.5325489652632,5.164177749936355,216.0776186132381,rice
86.92486552616649,45.96954613957007,42.96916698697047,21.88804443985254,82.6927182997832,6.32216138230396,265.1945515414952,rice
83.05305011961455,51.37602662075202,36.70498427102026,22.23718132778252,78.53953449744303,6.597226071189149,225.47538797949343,rice
83.47729828275695,68.75400798645438,46.96899762745354,22.721929403496475,91.60971137731156,6.1959623134892245,185.04688662055366,rice
67.90296426899116,29.292080789741444,37.18789212766953,23.755255137568653,95.41149849820226,6.5634636868820815,230.5224867797784,rice
89.95286697420187,25.88864690992115,41.884916464868525,26.0125955816609,70.17131003376127,6.971877021603465,244.46241018736035,rice
75.01654503319038,54.32781866106285,58.16554286243517,24.245598765175483,83.98576469040269,6.170319550229879,214.7538907633802,rice
89.96402979853094,39.43916174091133,40.57252989775514,22.26702765970465,85.83183860597113,6.566831052643474,261.93849860644747,rice
73.87980321374303,45.30125064706629,32.169890273741544,22.367120219771664,85.01840394435882,6.778494308322676,212.94586689555936,rice
90.43527104126792,61.55637858804951,43.307479225789606,29.330387437674197,75.80968640717141,5.777672648344292,191.53199377739304,rice
97.9525317378702,54.54365656354058,39.55532263271636,24.53990587895946,72.99608762161299,7.6228759898084135,239.2305295493807,rice
81.31273753525872,55.25766623898692,43.84807385389371,24.371652072837392,75.67620435643751,6.635734178567998,283.0506124118758,rice
96.14504055385973,63.93186626639397,35.91027458855052,20.731185539224256,80.99370463920282,6.427862456144347,263.3547879617737,rice
59.69042444342217,63.29550319460614,38.735936811368084,22.41935679015774,73.90316499791867,5.572571664067116,256.57926459904786,rice
80.87981560626085,35.10039100258946,29.639369823491073,22.692645902129616,95.35217220231515,6.270204324318198,198.42142617204735,rice
77.05108323096867,45.27276430252329,18.424906856467427,23.537115400446563,80.15252375833057,6.74810318240671,282.2239023736336,rice
93.5187803545731,45.31111309445169,31.147792730066637,31.42007940974958,82.4737474721159,6.4069646459564735,235.39687282224992,rice
82.37701712921427,46.556395880760576,35.41070394495811,22.059423176278823,81.73797383827201,6.128287614433118,218.17885543307088,rice
81.27716273230276,45.450227825791444,52.03194390866151,15.747090574820962,90.7320548153797,7.023042596248815,184.16524418979625,rice
75.88774887103581,44.28559134004209,28.73990644225743,21.366549937227372,73.11539323627338,7.276135221711812,259.39195982868654,rice
95.2586611399299,55.21672064043235,30.967585830262166,22.12643920116068,85.91499648982334,5.788936095554027,253.8249607543097,rice
77.11609522210237,44.251791924504026,45.68767974562793,25.03278993445812,79.11227067344736,6.979664901682124,208.97341681000256,rice
87.39122728333116,53.93101257968384,37.523628485488075,24.678399066726353,71.99109138891758,6.862013509603451,231.37744658892527,rice
93.72732375377153,65.49009225836889,39.36525047565792,14.27461611090932,47.54696661180877,7.3030049756728195,69.98926618759293,wheat
121.05753018381237,34.18070592116278,58.571650946320304,19.133052401607856,59.22629510503686,6.727540456595525,111.97840285880177,wheat
99.54838357090182,66.03301882016521,45.913821189296314,18.950905284385634,57.09110230228915,6.971527188139467,109.69504422230148,wheat
79.4779792881205,41.518145778942866,50.94611275218172,19.012596314383824,58.528133309178564,7.009216966532697,110.68954263404177,wheat
93.52288383628766,47.216952745976876,46.566762040781455,15.564881667154904,63.26602204571577,6.14870819788108,127.72889093314109,wheat
105.67116978895652,57.56029734313876,52.861527871564114,23.49642333338773,68.11496052014505,6.079562884334178,70.01057583160747,wheat
92.50217706765186,55.26091050210834,49.14127216375299,16.322768560539604,61.49413411581663,6.622308533823339,86.7120549252013,wheat
83.12006683782133,45.76766753889096,34.18652315506933,15.572380241068002,68.42913437286272,6.525300555584028,167.80955162093477,wheat
105.91981481057067,56.84836123694874,38.13313775855029,20.600929638226972,55.39489739009781,7.061004907322681,166.00211345671988,wheat
98.8472812033042,66.49273326285676,39.3745885989929,18.395034528509115,74.16640508508408,6.686516471106116,147.31121394992323,wheat
108.4930232254657,49.37533224105732,50.05926191244417,21.41766334888019,64.97447969773756,6.214887640054772,83.82157060437828,wheat
97.02977637338195,54.25566570899954,49.96537678040542,19.033103002799763,49.31724513031919,7.190098925502982,117.26464363209558,wheat
106.71748537517247,65.80780725554622,51.67137723639123,19.87754023768531,59.438674308330825,6.1695195332420045,112.74045547831464,wheat
102.49225224595733,57.715788371953735,34.786011393437526,15.256830378775213,68.42522282666323,6.980222423071672,119.03751743431562,wheat
100.33982051356553,55.297561394957455,52.50627044780798,16.95186581534788,60.76896621552787,6.768862355647479,91.13759431419211,wheat
96.28993451837633,57.22133771633713,41.17001102669218,22.267268376720562,52.843141582243966,6.9065641779193205,91.00672354314563,wheat
117.3637346122448,56.965547765115744,53.25475631574908,14.043318880889084,62.13640212695407,7.444815397811719,104.0570997318856,wheat
112.78576450078421,49.82711549899628,56.27477952148464,25.39669437085775,57.09729151648273,6.777248739299614,138.33461192794252,wheat
118.95486574876855,49.771399728467316,41.638505463233145,17.654646173418477,49.24439591172578,6.540674026757901,76.8964808311983,wheat
90.78642921875046,54.65315112613219,46.87371786029217,23.15150147844223,52.01316767408967,7.492161199238292,96.65027889436227,wheat
99.4064354841708,61.74819492166604,36.018223827501615,19.647229238552153,61.33161766570445,7.246225632004075,109.22921609769546,wheat
129.46360167893073,48.62260015748684,40.752024359985455,16.63057842072571,55.55618304671796,6.681306436346741,131.7254132776888,wheat
117.04605097587826,49.29253706250524,38.34115541516617,19.914246669159212,55.58221564575223,7.316465908877755,107.07307552128249,wheat
81.81107062003322,70.47505201330061,59.36702138476417,16.66163392854684,56.898387520512124,7.142932695362452,110.36141974967562,wheat
107.90253127207396,75.1020453876635,43.5844221800476,16.10510826638464,48.965446175883784,6.6345349800290405,101.17182567815507,wheat
121.53469436221346,49.823887009638284,46.790303613111185,18.450731311781745,69.50714618758467,8.26346621293681,88.72828067699199,wheat
94.12672668978134,65.44160877069072,50.45513191701049,24.040121977208102,64.67142548260772,6.82035395460647,116.76637076730773,wheat
113.3044429669949,63.204821811973645,49.05819224885838,21.700024068767462,69.35436472356538,7.691079495518764,118.21774718974106,wheat
97.99458303619775,56.46713686433323,54.65207173206686,16.049192987038293,62.94938647098321,6.8033305938363196,102.71862057337044,wheat
115.34142235128758,56.910990680199035,45.37149238524919,14.420431577060242,65.97002852821777,7.322742090570538,156.08136808263652,wheat
96.30666118056399,57.19150327663939,46.995069469686044,23.232359839290424,59.23763574090438,7.13951076288517,117.19741274291349,wheat
102.2393094778763,50.535663854494715,46.55271994318646,21.720895249579314,51.78787760471152,7.066484837073438,84.49697962652067,wheat
114.34055954709811,39.76813095216225,40.52862522182729,19.631635625193564,72.52419223387473,6.967124869463506,88.12001183267004,wheat
122.57388483328708,40.51986099583756,27.409552347039345,19.82004335016,55.98356620517911,6.489383591434644,119.70891118248383,wheat
102.92560856525438,49.359213692632714,34.75756481063284,21.117371984840435,65.20160942366928,6.9504120681103085,148.16592490119166,wheat
87.15898280408616,39.74474829075261,39.464735440950044,18.363241950933507,61.94671559458153,6.879381971071835,110.80138491285742,wheat
84.98152690971467,69.4376460407326,44.34279057285945,21.851887494764384,62.74180277102163,7.228376609576892,116.2441820058051,wheat
105.37250272020778,61.42722759867544,55.63322024105945,19.089563509104412,65.6720300607081,6.955132152856387,138.0029303862368,wheat
91.88329237528876,73.00940432910815,44.67873639484525,14.207674693645856,61.02483531928631,6.659474171262559,123.0160887247181,wheat
92.16851224837131,50.538165667852205,29.883674152435752,17.14308104225277,40.60896538696835,6.208048588257139,121.01036640360743,wheat
109.42960190380998,59.254575617849646,37.264190854966294,18.35686593157406,59.97117968727545,6.420817655403729,139.58495754417876,wheat
110.52834748690806,52.79035826170336,45.215086711956246,19.125148423842656,43.666121052605675,6.876411308739701,84.95039380005504,wheat
87.98055988126102,52.18899707114045,59.38149221479618,20.42252858380103,55.430568081737626,7.2862913906780795,136.98388591465005,wheat
111.09560419495322,55.59630369920174,39.82450577835541,20.59466994084077,63.147883083374,7.447596610013866,117.87929504204924,wheat
112.59463258383202,49.64764788439432,55.539152525074606,19.0927988140772,76.60208698100212,6.655406090955216,145.39909507913123,wheat
102.37492940155177,48.48581996385552,41.12891332756543,17.53895807541704,63.39332757121533,7.261417744017749,87.65749990153553,wheat
99.7077448928682,76.42270358611864,58.82034536080569,19.808971009022095,60.3040278253456,7.06001566335913,117.33794931826041,wheat
87.72648921761913,52.42623462576655,31.651327408979284,19.697669367815838,65.17756751762192,6.758406768850313,141.3496690822508,wheat
85.2908120439719,40.3562511979018,46.795614548479776,21.641294907836464,73.47142153166295,6.77055786856553,128.9670208357824,wheat
99.53789836599151,53.273727000591805,52.069279499893376,20.45696863524026,47.388862744126,7.738270174862948,136.5022838536863,wheat
92.49324758188564,58.95803533437409,48.95224149026191,19.282021297471722,55.59755876923664,6.664188316030974,101.36114822521387,wheat
114.07274823111237,60.43600154594432,42.03508534331115,20.815096131945033,37.211659034959396,7.574382850186051,58.50715553054751,wheat
95.65070870316241,43.803301053738565,34.64254819423275,21.982480362135558,56.25839038950487,7.173251940865358,100.8269855280204,wheat
105.72448992667746,55.768218910602556,34.73606220649144,21.48880045834142,56.0499473347095,6.221709050670125,91.29712097585218,wheat
118.00911748761173,63.50221742113493,42.210782924737124,17.452226887044713,57.42691959026094,8.038373991780421,111.54838630578884,wheat
105.16049976629283,65.30283454031843,46.91031327221211,17.72287356253789,58.429201207320176,6.964199370292968,101.06944408725396,wheat
108.73155452364375,55.519458858072994,50.86112061772464,18.257850259674253,60.62908152252872,6.000899657733946,124.90819186756204,wheat
104.15786171077592,64.98010109859652,21.829956974450486,24.765124114342182,58.88328297475861,7.554091408368758,76.00235182186174,wheat
107.35328686075084,44.46584436826344,40.00984831443356,24.24209406160036,58.474540793893226,7.108716436589861,123.75169326721885,wheat
105.94818265567126,56.504189051435766,47.919688019729804,25.710246755714827,59.539049623731316,7.100549523357484,128.2663599001903,wheat
113.2663111954958,66.8703030556038,50.10984177623348,15.070985261808548,73.06745225840876,6.426827303490656,109.56588663097583,wheat
90.9486897997677,54.35861653407007,47.63009928242784,19.46407164635082,63.37536603388228,7.806855634529324,113.33835753784949,wheat
97.07012037651222,64.64087168288357,54.51576391139712,14.817176554589022,64.77920055879886,7.350586371155449,94.5609124160002,wheat
116.50848175973942,53.499444129674735,46.00461162777234,17.98078452714839,60.12463238065174,6.451862456552399,65.99872793514264,wheat
119.13406075869966,46.53038651681672,37.068861204349545,12.039829659188856,54.88830601848398,6.338455103296251,143.05037900340923,wheat
112.11780507211161,48.118496548222765,63.01948644275447,21.44529646097478,57.40134893193102,5.7502971425632134,159.27356431476855,wheat
83.32513039883685,38.546012530431085,53.180563456077124,25.819257219017818,71.07418254808414,7.28195456002618,116.86885854163215,wheat
110.2409867053637,62.589285897867654,47.249531391755006,18.81260331185563,59.49925497680382,6.623017705566662,94.98312307833065,wheat
79.68451822965537,54.0166037320525,37.091271142792664,15.189232048352688,61.439153209227825,7.6960011431723,124.95791515005783,wheat
81.15399275652187,45.10371863429663,52.52616950390573,15.552537819385071,58.202934800023804,7.275026049512276,77.79138862840912,wheat
101.26450607375152,41.65974505081795,40.18905884839029,19.45934580242761,47.25605013174665,7.220237368980199,101.50905502683297,wheat
106.62987945300577,57.23914134064661,55.91312343979075,18.875673507943723,56.564755670997975,7.061148751516142,115.5824507259097,wheat
100.58632084390845,55.405916912038826,39.38406649754596,16.511297247347155,48.779157825602454,7.8747883715934694,70.90341911521787,wheat
91.68513762644912,47.81592734430802,52.15939501555553,17.615150965123917,69.98193658138987,6.663254687878066,108.97485405559505,wheat
89.97583536088291,76.45149127773388,35.4992126477639,19.42946213068108,65.07021504745678,7.206899548725749,97.3678085280573,wheat
98.44215160319888,55.438114719791095,43.82398398697209,21.39163735038473,77.68418401273081,6.721254107496083,67.75492551052305,wheat
98.94061541978495,80.79709337654319,38.570603456242154,23.4173504163322,73.42160651261153,6.723205879146002,116.22457697963188,wheat
119.54075947754245,51.20872259012513,43.371357119181106,16.754957258154068,51.88194615445707,6.675361227466997,71.4014933309436,wheat
100.40900161911071,47.30026768941358,46.87028729432598,13.832313061389119,62.64704185771566,7.416764480804463,52.156608935713614,wheat
104.48867883817087,67.27668992473292,35.32287185047036,23.517717160513108,63.35215207492836,6.647494072120796,100.60577305855735,wheat
106.69992295026067,55.760053914124114,49.31004793957095,15.7379792207619,61.35488659228862,6.29314275154751,99.2193484662825,wheat
89.15310830242252,47.64470057410233,54.8887454016835,21.773930361782806,64.87310496725742,6.45384361766371,94.08978875762995,wheat
114.5571723997502,56.417169136399046,63.55463631985356,19.679953518183115,61.536392931920254,6.845441767898749,105.33852261955705,wheat
98.17036196343348,62.0810867668859,52.653618534356674,16.142031618476153,49.35013637153777,6.081897313448351,114.6997831728136,wheat
86.75960072591351,33.471094070475175,48.10862883624771,25.97899855229837,59.95143270768085,7.419245387225821,104.04573396368913,wheat
98.81332416170629,64.19076482987768,42.67780364649079,19.30217694221571,62.57358244956811,6.665954773178475,126.80105873841308,wheat
97.90048291965509,47.442548405071555,49.29207874856323,15.804596054626888,60.22544925895303,6.995440501677899,129.14738914578945,wheat
105.69637879455944,54.74973041254856,51.5421303936023,22.67062264705194,64.4624824508149,7.005176309921691,69.20409419124601,wheat
87.21863604309553,51.94775295645332,40.12390238272573,17.939086091043663,60.45319939917686,7.264846377178365,100.23753054852271,wheat
105.83801972591442,55.6447441481012,29.19626746916903,15.681993818543738,58.84729955422708,6.395152628579446,116.99821824990511,wheat
118.36900998812436,67.18761851697317,43.29245703255834,22.972178410549855,61.18933965761689,6.83145701444098,86.66493341147651,wheat
96.37036376214246,51.118231814587716,46.363329779003905,18.981721943149594,60.024368161227315,7.218469084873175,131.76615686965854,wheat
111.39464962529588,40.151020315500965,24.56863092078436,21.30295973371782,49.06497041267663,6.887617299053658,72.74717434851601,wheat
78.37623474903977,60.41462728204788,51.07324128242117,16.77046879781984,39.27166166284072,6.726877775873759,111.79510013506366,wheat
82.25306117471045,56.83359919779156,44.87752120661604,20.237874498803265,60.95664294731323,6.513465529559222,131.91428754161228,wheat
98.09764512367636,54.72695460490068,37.53385632741443,17.170153246425468,52.92157828778479,6.913526970038289,144.7927120035586,wheat
83.53718628482372,38.86438602123259,56.769362619948865,17.872028968544402,54.64741809072067,7.519952343698038,86.8596115065784,wheat
121.91211656256323,61.77925871339269,41.09670873483438,24.971924639796512,55.15428061597329,7.371047686004654,109.4823145101623,wheat
115.62089547278558,70.61511196726853,45.25603319252613,16.23974638896145,63.67977714351293,6.661142315123947,152.33468118816558,wheat
101.63842397299285,51.34678448687891,46.47744244691927,14.458621131410911,52.22708769191479,7.600206953972212,85.5776430257151,wheat
65.43706820781672,53.36652752527286,29.485633237303976,24.5568599319952,72.96838148644653,5.8216024557152695,52.45473333145391,maize
96.01600382346584,44.77320161157864,17.993335868359623,26.384582425547173,69.44984007520527,6.427943886040804,142.1250586225271,maize
70.27778123543828,57.278401280812375,20.456104999176677,23.20577683658977,77.22774741130026,6.453917878144812,101.45740197624082,maize
90.87008804771763,44.350472704571146,13.286322661287949,19.265572417936898,49.26914728499199,7.228103564970161,60.41979085695792,maize
75.34495651697074,45.23186700111079,22.459253582472805,24.84721163761789,71.88378790687796,5.908461280715531,83.82195715533972,maize
81.39095940585959,45.51308873816453,32.858764608159944,23.872924854914753,70.87902228839855,6.531440634333706,117.33684643713312,maize
80.17225870444449,35.03168052044153,23.197503614021134,20.44592931862451,60.77106654600195,6.493182009377547,118.9570767858409,maize
78.25525892083274,51.088330125989636,33.617719557081905,23.122259538465702,85.81346491344316,6.482754822815772,43.98093102110456,maize
87.04009945325438,51.81158384882778,30.318022032661965,24.419544053809872,63.89235212812981,5.587850881855317,82.77441856784937,maize
67.7937545494884,42.19476550195277,24.708627235364876,27.409713513054218,68.15737223858385,5.602058468982408,99.11506670550352,maize
92.35957783974781,41.90217095680618,18.927862666616658,22.44406458418759,58.72081349534208,6.524140216921929,84.97629628480546,maize
83.03438932688434,39.125078221978995,16.500333597412716,24.567144073483313,62.017334783265866,7.063481925616703,78.00909535963494,maize
80.69621670902264,57.325908318730896,8.653074136535746,17.117573564057672,52.79474948343924,6.831292051713591,74.20354635268883,maize
108.69839142801902,42.357524013426115,21.476410425576297,27.026329857703626,81.04874310527299,7.230751788318199,118.20915576482855,maize
90.28875030973755,53.92526949201183,26.226888609333102,20.746442851014397,58.45440893262154,6.198312771294524,83.74538443687679,maize
72.5612634080727,54.963874474567156,27.642441668564086,22.66522065887554,76.8202406484421,5.629155442933247,83.15851351800704,maize
69.39813215276634,29.3346338292694,19.338554513258405,22.03475747485015,77.10759794593704,6.515405842277389,62.39532939176988,maize
100.24911079601026,60.21033695525353,24.656781627748927,21.720547703450503,57.32448610621216,6.013896611964474,115.21871549260464,maize
100.61503567121531,63.43243528272189,16.089204625709808,19.041147700132964,66.12708997528964,5.315780317218574,96.07919285461954,maize
76.22876896441598,43.33963498131758,7.242375461865636,23.940800319709147,60.738393282704706,5.6150415821448565,16.193444667958772,maize
77.66982113939237,65.72251596669744,33.29007371638296,21.028711230241182,60.18230351710576,6.434387128037512,63.040364020292714,maize
81.62150279783359,55.660802783846904,29.81546579107446,22.09953777056014,63.37060999858427,5.76100870662172,67.3279911490035,maize
75.28225329718168,51.67365506816178,27.308677009865995,19.990463147958963,76.94150855167618,6.064438199478716,87.46581764128909,maize
69.03345985022612,23.757597397270583,27.072363170888398,24.6105316912773,62.749379543054296,6.233495358612436,100.89848044260249,maize
59.249449717361486,42.70947322653705,26.35411743697462,18.63713173049225,67.34846345733304,5.521709097688298,99.66074956083816,maize
77.5723022124302,31.848681840944906,29.31791483565737,20.19622526960585,58.51798050388495,6.300284598615471,116.71593373571788,maize
65.81013817225923,48.61679849847972,23.430532002644583,24.479316821789432,66.4115324422178,6.016486080458339,67.31024448378201,maize
79.03372659655649,37.27860988014393,0.0,23.709679412473,72.23147872868957,5.018533782229081,62.75673238225156,maize
85.42985113206237,68.574954697117,20.166349661403263,20.215991176312595,63.53682847116128,6.887438209574093,71.85089552188661,maize
68.40969592019695,43.17256477817968,12.373371133930302,22.768010947984386,77.99742766775648,6.361539636558015,81.69116244684281,maize
74.49826477301347,32.36809191303343,27.064878217177274,22.16648840896159,63.556160691275,7.79655378392243,95.46882270914216,maize
68.97850739885779,43.736424037944566,29.18756567357404,22.73981123161329,53.493776173461065,6.659614467287602,71.29639786152515,maize
100.47957331461055,58.80048065714649,16.42142483472999,26.243049085205335,65.54284408421923,6.62638683756111,100.11832043236187,maize
67.84372014010953,41.56450167682538,28.239686540649288,21.395674003680377,61.77081229406403,5.722438710325323,98.58997663983652,maize
102.75029903091774,37.32467085745727,20.193755653382066,26.636661666246287,64.36286887003428,6.426185898124867,61.440161796328006,maize
83.13968516649179,46.12855734995451,27.885839965438905,25.96215815469425,85.71650913614891,6.489816586606788,96.14490791455417,maize
80.33261161892803,44.46833707189312,22.70787074769353,21.51379576958291,66.34768781015691,6.85879876780398,62.83643586800898,maize
91.67854273354854,61.17115067339866,19.05545178407137,16.034435302974217,60.13742410324454,6.848497273280555,87.42829844252795,maize
66.00837321246107,42.95225078771782,26.724960212036425,24.040200704604135,63.08854320664245,6.016587794092656,78.20604627390445,maize
66.93107778601797,64.15375689469442,17.42143624630928,26.051475562476487,77.17052841537961,6.69915544907398,77.20949218204879,maize
82.84476108403932,47.758043936090836,12.770385114158975,23.373077845164808,55.56768167072158,6.793839694230782,76.38456756754017,maize
80.41391587047407,50.83287871546142,17.928760210367383,24.160081404425824,61.2007707470198,6.635648648728623,54.350507993831286,maize
79.51655495455694,67.38928999058285,11.997349403155402,20.366765088425446,69.11126279727132,6.289790890969799,96.76575248183897,maize
83.87024556177197,54.3472146856177,28.877598735649784,23.629455970785536,63.06993876305166,6.536286850601366,135.4970483723804,maize
76.40839504340912,38.254706953293585,28.856645354295782,22.038856508139204,47.61864363188771,6.623710838575211,74.61679535115194,maize
76.91360061235007,51.319803305690144,21.52399743823253,24.528355451417116,61.516109035441254,6.456552899088042,81.51133306040207,maize
86.86572577065003,54.153674840130535,12.516490383643237,25.657946348525094,60.71229243908762,6.604028899140573,97.18218283503352,maize
100.05820412154148,45.76534017628148,17.20546563105442,22.3417411823368,62.574561737325794,6.599970950971025,47.5922347890853,maize
65.35581097024375,37.32197078420807,27.602460735788604,27.531840117745773,64.16440625170023,6.115589138404995,89.75130407782953,maize
91.94253963129829,38.72646865809426,21.90695186187828,25.325592889347288,69.00875335951876,6.294790808299372,113.02615231417853,maize
45.561212484009154,54.77875319530908,14.76739453498061,16.908101309430627,69.08962079619985,6.886829272581479,84.5637871343077,maize
89.43449456643526,64.12278257988646,30.51931562867238,27.319893588114176,70.93701992857514,6.237716819450797,47.95085470257079,maize
75.04725014244062,39.567534046838084,37.367541739982514,21.87234256270299,65.98563845427589,6.475742688020234,89.09006115931135,maize
98.34061248516903,41.77350638265548,21.55685964189794,20.172588242905853,54.439819910234355,5.894115454547357,87.0740800737897,maize
72.84837330579288,41.07579020126144,8.74946029062533,22.150683282113913,52.96223700775198,6.580027981844801,90.06099382336258,maize
60.509382006420836,44.907909229501364,13.982748755275335,23.35752353125754,75.72360356818515,5.2624137651771274,90.87565197868543,maize
76.07840645320032,54.713400764504655,21.705573025901515,20.14409200478354,62.447568514667054,5.801987071598256,114.90017846496497,maize
78.25573978406331,67.01190685753008,19.514713489483032,20.27477969926861,52.890284859097385,5.2984301618720275,48.39660142486276,maize
81.2055198121378,53.08725023229934,7.350474383742933,25.085114942228344,61.13551158653249,6.273396505992775,128.30551570638562,maize
88.76207179038639,45.314693520941674,12.8704621966777,15.944553796012084,59.24677344606064,6.094434880586153,63.3205118212204,maize
76.42491639489235,48.768518829587684,18.20115214553537,20.44999225752962,66.34923737573382,6.4209703247847045,60.740023063928845,maize
94.93118855695525,47.014118677157384,20.15079698355878,24.52464326976967,66.86572905010802,6.676568316956622,95.17810413004561,maize
70.65075150431474,51.61503525206102,10.850190341434706,22.72567911732957,64.73416007484431,6.09594157136373,84.78656221402673,maize
55.41781145402833,42.512750922590385,20.742759209128916,22.8795691759922,56.77859887259233,6.832853920432351,66.34562879463748,maize
89.63348640632084,52.27194361871685,14.830181521249575,27.725932677828535,55.45090534594816,6.659577086805001,113.01455795107447,maize
69.95255749108026,61.92465300064329,17.999627883208376,23.26608088783957,67.08257471016977,6.132845629264726,108.27020682899456,maize
87.52186464662655,30.514680267618193,30.43472194302522,17.412524035892975,73.26036963473325,6.763352568413792,60.72583924462005,maize
73.07022854454499,36.94295331514064,18.280631757690117,21.475897147442776,71.23728425815472,6.855154373059804,122.89209526974889,maize
71.25398368106038,45.90778126255472,6.532494462232398,19.98238980051143,72.71881306477967,7.007791411774116,57.141278203001946,maize
70.89042889016527,47.73594243041073,22.241289270556855,19.97118944023506,68.39248835571271,5.963080326464542,87.63869322804302,maize
84.5554109760444,48.064222698109376,16.508912875787452,22.071170588222508,64.29309632635731,6.014994485058937,81.53009843332244,maize
97.1837660460566,53.60919447941239,17.636157455766718,24.490863213532204,62.32944408195192,6.786562318793321,97.24105480495234,maize
76.71237427194926,52.477169258102776,7.432990783452006,19.019697593270582,55.448599948807555,6.271471547381854,131.3128749871273,maize
104.7756017543116,54.380511014407574,24.006755799555656,16.996826797541782,60.658609602127825,5.806108124045881,72.47881004372209,maize
75.98227417698253,43.27909422302873,4.165601516993698,24.6437307683526,56.418055794081546,6.319623432055575,139.85206674374933,maize
66.96738490096291,22.697124772536704,17.711966224959113,25.70287890499571,80.66677963376475,5.585225202773792,100.41748058091304,maize
72.41627451863936,46.94051645695864,41.15474677613628,17.89108901481454,67.0299172919566,6.4338465858827165,115.14465812348368,maize
79.17579784165075,51.08050539504102,16.86681146062567,23.20738082373532,62.25446179602071,6.510785944928026,78.75974159890916,maize
82.52520472682623,47.707371863150215,29.008402006177345,22.24581882923454,50.815740254344945,6.830960750356996,65.35669247843452,maize
70.15480393621417,42.04338705956508,30.99550474536654,15.992977358063913,90.10198826927996,6.728028404533026,93.58097285322899,maize
77.34127199260456,50.85554074857657,24.168979427034706,24.33564675785017,69.44483572802758,6.244790340627625,83.06653949231685,maize
76.18472059615786,46.05091719647319,29.070160774936518,24.180670166842585,41.476890922685755,6.52795038826488,92.86840486796937,maize
77.77549492264923,44.11481546911114,28.992901759888106,25.242579386368572,58.81697865741113,6.403526143562268,63.708581636467855,maize
61.444582022532835,41.73282775410035,26.89914777906207,25.25937513612826,69.10468336077834,6.562547893423999,100.90445717787397,maize
70.30222085732457,52.31922544673941,26.40327620182146,24.662873989440723,74.51130697179714,6.554151923600532,96.78620518853957,maize
90.84180285979713,47.7347874075094,12.945002790178258,21.910799108168707,59.04077884154841,5.862410862512809,84.38703323211206,maize
68.49096094800046,44.9203847036096,4.851082664369715,23.039881122118814,65.0096438028978,5.791455684465905,104.48114171081014,maize
89.2508416515187,31.92440135631026,13.898201771470287,20.092572950638104,57.480775191129084,6.6147374209658745,83.15434653067992,maize
74.82582190427267,27.961376355932465,25.08334424167381,18.682224815439582,65.47946104213062,6.338688468979096,122.01646489596627,maize
62.29415521057065,17.804878441791747,21.47079635802956,27.80153354453256,74.9115708235155,6.304829707637313,75.70909535919881,maize
87.68547115964772,38.26453800295531,23.810862154849755,23.91641047749988,73.48167925999104,7.579830019455539,97.81039917946917,maize
71.89243649151001,47.74425687808006,5.847392760887054,20.315860606732823,61.72574049509517,5.937955801032704,91.80887180084305,maize
68.13096081141359,59.210306673244716,20.001656519345577,22.372099036584157,62.376842267896656,6.27759534192949,108.62745661669086,maize
67.5944374114692,41.41883510924743,17.570191769786682,18.362387229580353,58.44593712222802,5.961889563227671,109.85972951781818,maize
81.1507359480231,49.93589911367545,26.807183697343778,21.98788463480181,68.12371879943112,6.148389123533752,94.63405873499072,maize
71.00689610866101,23.61182841723571,18.925766702509566,26.66824440829982,72.40972321793274,6.682698742295585,118.90326804515544,maize
79.06389109153724,49.973157074055955,15.058784836525199,21.45178143191885,69.92616919816913,6.801942218584408,84.513843107975,maize
72.59772882178306,48.005279588565976,24.809653991432917,18.06843555159937,46.630552374902095,5.924731575254208,57.48218935214604,maize
71.90231762823227,46.52219681182528,16.37401272781589,26.757402603412235,67.61395811681857,6.350237179805414,103.55517860108505,maize
64.33400258663077,58.391117874202685,19.393885707716322,24.411441851723637,56.425142135678755,5.423120616991968,108.44724145062571,maize
122.5169143131702,36.9794844564249,13.042695349802445,27.376304353244308,70.48470485706137,7.821336476627982,57.484481633803284,cotton
125.66070310730059,42.71381524251015,24.825499448658746,22.36765799365742,78.69765675142165,7.020459587697861,54.945313605463184,cotton
126.88989214504151,40.867864335284146,18.171200677279852,21.016951876174463,59.501330729637516,6.904486118699915,140.3153855403229,cotton
127.41525145477628,45.80739620265605,17.896873366333857,24.06739767843614,84.37695292140168,6.409593592345578,107.8580423667218,cotton
126.58457578529493,53.18185725707934,23.507805910477817,24.05884997308197,85.38288988773456,7.295907066870689,71.1489822264744,cotton
111.11677872523718,47.01856295261987,32.3921612119615,20.2826787730383,68.25979787398047,7.082380420618258,81.27219254640045,cotton
120.0800999724449,48.439531979085004,18.21438196292156,28.469590315806247,67.19276817218787,6.585751487609877,77.41863099627382,cotton
98.28173426615,44.241455955679285,33.29176132582415,24.062659464887886,81.84560724574946,6.3699176174137095,64.59096479901307,cotton
113.49764343611275,42.82284903243766,30.253150360030148,25.673073182175372,71.10833634450374,7.1232523892160025,92.45554371241963,cotton
131.6817884622552,61.805406865683736,11.87924646537705,21.567427466368986,69.93937712868308,6.8829900704465095,91.65895936115837,cotton
129.8480141990692,45.24048976357477,17.441219813961247,24.45527397674622,73.31885678695981,8.044769360847386,39.80847432204853,cotton
120.21688694674869,66.2360621922964,20.054398756479983,23.429882894995515,77.14043661751658,6.909804159118796,114.32121186691325,cotton
91.45765706404592,61.33433701296325,8.60834278039884,23.200043012296756,76.5660446376107,7.29427663488536,40.04689120290631,cotton
123.54607199298331,66.24309623286852,9.094607963257516,24.569118502831188,74.70414257762712,7.212943603096518,80.4786944353938,cotton
110.30215709146829,50.87872284871074,34.43478487829395,23.427288624818104,85.75806353718545,6.353363521064418,56.08909057954978,cotton
123.66887533456453,60.84116028535965,22.84490679028528,23.060825908430537,79.99433124338684,6.374796133015141,95.11288315888417,cotton
128.5879967478809,41.4790966716692,16.23966281792399,24.797634688956144,76.50624211167523,6.966933692687089,132.49304472916288,cotton
115.03569159104804,42.41659847978778,14.819665554918727,26.23257591449981,78.55020661425517,6.675313480839287,113.0326008068253,cotton
135.03523605416365,39.99576434261295,5.06768038911507,27.022541069510766,74.52296139391997,7.395312799581385,30.747404557204113,cotton
128.7111680595917,33.88828070719219,25.846112952532195,24.042819203509303,72.36848464482684,6.7964818435366094,97.15796142391753,cotton
119.27073343738282,51.844129804724844,35.81152467612388,19.307275164866844,92.937700599749,7.052177968761606,57.5303987919218,cotton
102.03623649113212,44.10879609222967,27.373200895395676,23.6173526388674,92.08923944197878,6.274412154974221,79.69777630384864,cotton
102.97127866704257,49.63631882624968,27.095099120778404,22.73771461895684,59.166289146982926,7.099474073398247,90.91846379333774,cotton
122.85153705954038,58.35782191822154,11.43157056280761,26.040648316351348,89.5400600998238,6.110706207996742,87.99129564797443,cotton
111.94984202790795,45.18477326898354,22.78141186830669,22.53831430765934,74.5943353667071,7.017076208744013,52.81885152842993,cotton
104.97009845337777,52.79373282956503,10.809647718730751,25.998937502727635,83.7007303428316,6.137096635604702,63.06088369160862,cotton
132.32931283656848,36.18834468860318,16.2847659015249,25.386182679755688,86.26712407426076,6.874230556977752,65.06224513270897,cotton
135.0684383403821,63.388996637975794,27.830864406254364,24.255954427695073,73.53387422687258,6.584777796721717,93.06285263164393,cotton
123.0207786506642,60.01598592946429,25.20360074028911,19.490759094720545,88.41558094178335,6.500969686342794,70.40071820119121,cotton
121.00240247502033,65.95667489783965,44.87934844804289,25.820169177408548,78.5344270502369,7.267252824240275,102.1913856468459,cotton
114.1519884933137,63.95211355912322,21.840566073531217,25.49322926727418,85.32739401643569,7.210793305307228,100.97351251174031,cotton
110.59296176143692,40.41698246053969,11.19876613622644,25.31850369186068,86.23149202809691,7.228886433075943,121.86231083368844,cotton
117.93284777405144,52.687416555925125,11.266392990885485,22.838700892576796,85.56430206052622,7.424551055371572,72.65082630839544,cotton
117.1408089777032,30.821262533191906,17.143766393547125,26.67114949055936,84.60164012885252,7.250332860690605,81.244342179524,cotton
118.08475790353812,39.39678860526553,25.590627361620278,25.262918833168168,83.9361507839424,6.736982578666209,26.166427003218892,cotton
131.16583254104435,41.211625439915956,13.097793887655035,26.08043673574198,76.86389888064696,7.529968192023311,95.42514873941744,cotton
126.20283187840573,32.340442887994655,29.695551883091206,24.783751593701567,77.04578288603038,7.071694233671126,35.594119177542,cotton
122.90383373776805,35.706284918179286,9.178637713251725,19.432922441346328,88.9015069999194,6.685368303153606,118.34319274791248,cotton
111.57038244337242,28.926420424070532,11.067804480410727,27.707434860020815,78.75281457650667,6.725856351754699,84.0004556463197,cotton
124.02139283401054,57.17398815902461,31.587993839143408,22.92069406263274,69.3916185113437,6.7932674194383615,86.50701266457216,cotton
106.43489288547266,36.428490851049574,22.750303052399083,23.854042945288647,80.2623759632927,6.620752332649965,74.23998214485582,cotton
106.90920226878035,54.90198411124787,28.28199467779002,18.461436413285718,72.56391311846072,6.25173537245496,63.749401639827546,cotton
116.99874436251567,31.503547803014698,12.625121494997494,20.988127883755503,81.65813863519155,7.034672168518125,61.95656116656867,cotton
120.12185046567278,40.533199154127345,17.826759117391575,29.02035627089561,90.72368841432278,6.350209381536201,100.74331044697936,cotton
127.7367586538991,34.51736711247382,26.550221150038887,28.61379575523766,71.0196415500447,6.541248589492868,105.44153667108756,cotton
121.25794372990778,51.514762752395235,22.724713731203973,25.172087762784432,69.38822297351133,7.5236588533107245,109.23974981069433,cotton
115.24731107118367,45.56523050186138,7.751139979554223,25.542764268053503,84.57645953371315,6.968904491500345,108.10883399676257,cotton
113.99107322824071,51.646059258936006,11.842685290463075,23.929343547377286,78.60516593677731,7.112653961020471,70.76182677916603,cotton
116.42232885193998,54.26047171441506,16.50588610209426,19.180268697783962,93.99667123364337,7.690727039345243,47.69343262235953,cotton
126.27649366294233,40.97025229448657,22.107897722648477,24.882672387040483,78.12473759746942,6.608117167206801,62.73647369209351,cotton
107.00569701422509,37.681777917695555,19.462573679605157,21.852720032667744,85.45641652570096,7.743623077667964,65.49866896574892,cotton
120.87285400642452,50.996851103029336,23.776018167354195,24.227865803748262,85.94145934687778,7.241124476340328,49.058439441817555,cotton
128.42987277267127,54.872908372667425,13.893711166571347,24.113813506342805,85.46663194248856,6.89534309021032,106.8244511941503,cotton
146.36646993543232,38.140139673650175,8.951643174769801,24.911455786814628,85.77250004100915,6.884566813077615,116.33151658302586,cotton
101.93673040332101,52.92918623031611,15.153113433928853,29.15813371862189,95.94012282534494,6.616671706108326,66.2610716022855,cotton
128.31505464375763,42.12869350210485,19.636710256542095,24.07616526162723,64.64261475041874,6.993081126952881,62.756805648395655,cotton
112.08252613120274,60.43632003468814,9.94794484576595,26.439615560243933,77.76829655734554,6.860119915752083,99.75929740129278,cotton
122.08061553482669,51.70612997219531,27.74547728426289,23.00607485045003,75.102106123938,6.457424736721101,59.36473675052612,cotton
153.3891331037047,58.44679580736786,9.19140507033583,20.03262612976929,83.85492849374793,7.273632398688983,93.72209588293411,cotton
114.94053047735562,44.745457399970995,22.62303619327486,24.25767901887999,62.24559701801972,6.885100184712403,58.714839143492156,cotton
120.10253702690214,75.85259002603411,22.939853323794434,23.059410941482806,87.37441201581802,7.2413439436046065,90.50236226129603,cotton
125.28220711858805,66.56543564829542,10.952892517392675,25.420896230434362,72.5889509601477,7.277756323171124,57.03283721284764,cotton
112.99159823673898,43.049100857620935,27.806533754757673,26.75536333182724,70.03426098842893,7.027467055499924,62.26050363127068,cotton
102.89794107189599,43.82982949575629,17.53213769235344,31.280149459036565,83.46367860288557,6.3111912496228815,65.88064989572645,cotton
130.25659954515277,66.88442772869925,7.312133502096334,18.360226844582865,94.96772140297426,7.194807088685452,58.292681703090835,cotton
124.41554903346922,19.64252260983122,20.027004052777286,24.983463518529256,87.39416111630264,6.493052023853731,82.14217903508397,cotton
106.89490448728495,48.55383755674317,12.837229421095806,22.775697482519337,72.03347684167817,7.325568120911829,101.46127791641663,cotton
115.18455316051103,46.382379949600285,8.411268682931647,23.100970055979637,79.59836306366604,8.310396545514987,52.200824355645906,cotton
135.57012686502924,55.96858773465808,22.24509123592109,29.2758614525854,82.9768437808549,7.194579597833965,78.67198367456136,cotton
132.68282658902353,56.96469233810883,14.9945817000303,20.042258416203698,78.37615490083475,6.599980717801177,78.41188563461613,cotton
132.84925761620968,41.4269834491321,19.6574129495074,24.174068204425186,86.78744705764228,5.876555333007698,64.83249263086758,cotton
120.53540430735367,58.000789564268615,16.06478041995036,18.370341881874378,84.95769156772909,6.682318805587185,50.25833352274097,cotton
110.5078553234413,44.1547464234415,15.162042683694299,17.38330182870279,87.17652957509706,7.637437520639361,96.28804978348765,cotton
104.3477719549022,43.98508466052482,19.947829478164337,25.79638316868573,85.34672390974464,6.632913100610752,82.049888910339,cotton
123.48736485538289,60.558223221467664,25.636052318597784,26.367170062126558,80.67061302343488,7.705229572601752,90.24406989898743,cotton
107.66694507791715,60.033699701251905,25.58322618031222,22.670867936614552,76.16405626080605,7.148287772570381,91.57961988168962,cotton
120.36750718757447,49.11308673442885,33.59965899661104,27.214629456704657,81.5250847301202,7.470655290383742,54.186902411811516,cotton
122.7751245993617,64.0930634973311,18.25563283686101,21.457098214142746,74.78328889125551,6.455183481328806,60.380952296807415,cotton
113.55390281691965,31.94432980821358,20.124946671596824,26.70683152135994,72.73795055882464,7.7596419618208845,92.76980221318986,cotton
130.3669670274887,39.42165446147863,26.836201816532927,20.72419829881406,87.12198000669207,7.085919669896765,93.8312804996196,cotton
103.89286473250178,37.049301577233955,24.777825746027077,21.154955987327398,83.70565033679298,6.316431096769877,101.2043553166667,cotton
103.20972022277789,51.522999376795234,25.005047469168005,21.909684544711276,84.65621253667781,7.130221131666778,66.52895359518155,cotton
105.8973437910855,26.37374308327421,22.797200378397548,19.305591685913836,80.76275359553047,6.868275891958875,96.97856938595488,cotton
114.37545400612163,42.70552213652908,25.854965634306364,25.005174087252353,82.52924765746222,7.234633794904263,41.61069691982235,cotton
127.08146415984379,52.12468794013602,11.866534971388022,23.267758578977396,79.68554169897895,6.932751607799133,88.34649916421337,cotton
135.1764013819742,56.81766727672829,9.50224645254875,25.866209970918145,90.63146655628327,7.193404260344601,107.27451062964917,cotton
142.14724534840917,56.23709546106981,21.99446876513383,27.13526542225426,81.15910266477513,7.0119515216424775,71.21464410715669,cotton
136.7609603059853,37.81571334057999,32.258941797424924,25.499592371221112,68.80555060158447,7.183824646495711,27.4993373087094,cotton
125.50609620197243,54.852314829889906,15.261152354783572,24.370643087866746,95.63325947000229,6.747126647869032,53.527310323584985,cotton
135.7799608295512,65.62587190530795,20.029565374782777,27.03438910622507,90.73180732424704,6.628757883730808,67.8673541158033,cotton
132.77049415785683,62.85014278708509,24.503046881394837,21.360556939493836,95.89648889359553,6.734514551094017,71.6215554707137,cotton
122.10805401387546,61.54160420714774,26.83180781241779,25.24459650108573,83.70630824094485,7.021757334321733,93.95348786296266,cotton
87.64527906766835,43.033925409302014,21.930575479334248,20.546957749141477,83.09058654249247,6.897764389506939,123.88689245788726,cotton
136.87623670257827,41.34194430881837,18.793298307466436,23.778157303174822,76.38672419072302,7.097512492014063,61.04294827781025,cotton
104.43261598074969,52.227112239002686,25.036236673774486,21.587052721020022,87.1628434461008,6.684211135417335,86.32913095094953,cotton
127.84412815134948,45.66387435296287,23.637927297129075,22.450711068337284,78.42826733257522,6.89707028455983,61.33554133649403,cotton
115.87871004261062,30.513817011362534,16.07077002286316,23.14537351989099,77.95056198003697,6.87925127706461,78.45589500349678,cotton
123.75329821703276,54.745170741325225,14.801878185213862,20.390397433832568,71.66364470205518,6.756398539402537,71.20196705458727,cotton
108.76004720563051,33.038833357501055,16.351033380206495,24.544279860341913,84.76023572668451,6.721288473445839,69.67505444641415,cotton
106.87962029383228,45.685608296252234,13.212570926473482,25.7193834397236,65.7130680645271,6.820185163773769,87.52768347979355,cotton
80.20601419587005,73.93033663980496,42.79840019654326,21.98783620947397,79.23628602328742,5.8118768332667745,172.98500626758099,jute
68.0033273159909,56.15390275560162,35.60367780323572,24.64970225261426,74.91553726876478,7.569425675926666,166.9689308470522,jute
99.99068452175042,55.141517621182665,43.85653381868309,26.10619944195256,83.15037838573001,5.736163710327196,168.0279151462311,jute
88.14189565421185,46.51102816525894,28.7584812255714,24.84278664826759,93.63284413004394,7.32344585776736,173.4498997658492,jute
89.41739132469704,43.33492979631948,26.369027305386247,22.226602035611336,92.50311014806559,6.563003459085348,168.91540051562455,jute
74.40194164470144,66.04136589573007,53.007671322896506,31.6563407003444,78.72763831679958,6.847812244373547,137.08393626448023,jute
95.72321311341929,35.32220448732065,41.73420451010103,21.70809241710147,75.28906538609043,6.28136878447515,159.80311848310456,jute
71.53052756221226,41.517312050749226,46.666671294242455,21.685411620812438,81.76433141611093,7.30897957615278,162.1700908871651,jute
69.38497331102877,44.69475374819749,49.43780166688568,25.582322892860073,75.75028564313921,6.94193832559402,147.4426962540894,jute
86.17631412531537,51.08607307701767,37.53753223088893,22.484242604658306,72.90655262173235,6.967408668172955,205.72451256222655,jute
70.35230703565446,51.58386703551484,23.30378385118345,23.246146808028403,79.75152853703278,6.2451582915090835,151.5873406302601,jute
69.98664532237336,49.921927283263734,38.501367852749006,18.285306300025084,63.03439877891947,6.396567411071413,186.4421646513388,jute
45.029941887297184,42.002698238483696,35.79001714786063,29.165013334625343,76.91982550629709,6.891494492370464,178.53142850218657,jute
52.43320224231359,54.682072166317376,41.7231720436503,26.52480591902377,100.0,5.657943530250706,218.1174162440277,jute
74.55062976719573,49.873289044030095,39.635902037590064,23.72729099980587,75.44133657408993,6.864754367786505,137.07065758320803,jute
87.00695001026119,42.83805595114746,30.959445287677138,23.64996142601256,90.05719373490058,6.4323324564918885,183.9613404552405,jute
69.22852469141432,54.5792184992362,45.484061910321635,30.545826499889234,78.59548843600628,7.0343274023789535,177.45168848847362,jute
93.55046138235618,39.8116761239127,45.96004250301825,24.415908111649955,79.48649458313201,6.7458762422241865,181.30600991066694,jute
76.6052514825365,49.147131831705266,52.624944460497474,27.956349056845657,86.95323673997517,6.472230236988064,152.76897929429188,jute
89.46360669885303,55.760467925297945,51.78136540600786,23.18805812209231,78.16361075711723,5.880257918737283,165.18822234847818,jute
89.95884612695336,42.33504620771802,45.12383836160659,24.428490682006565,82.59245622577248,6.126154305092166,177.13023624084752,jute
42.10636834919132,45.13103841838015,26.95621405027888,28.61798354964045,86.21925882211609,6.9333354909830405,213.0251556789845,jute
66.61300175010196,64.47363197915558,47.45753251408308,24.290334138343162,89.08496117746355,6.146853243794183,154.38714596180816,jute
70.69692332112359,41.71022291935985,31.547538857917978,28.669249201285975,77.92916479704135,6.87625248417844,160.741215839658,jute
56.15276039341779,49.70057358391422,24.701960196641785,24.794097861743595,69.05347968933752,7.6936379996154045,197.78406805436805,jute
79.26904549525777,59.63706677654669,33.229472180274115,26.63043813601028,81.59848346974971,6.832010040666836,206.8088375026692,jute
86.78990523335763,49.887236628250236,26.76090051017363,22.11986111416161,79.0183285312342,6.746686187138326,146.7449068831519,jute
106.94012010694105,62.16394055253573,44.816946563139865,25.216110583851233,78.30232824079079,6.224040769988882,176.93701296297155,jute
81.09303048171301,34.58239424518376,42.67341133795918,24.534222853525755,64.73753953698088,6.269807494610249,164.6598616644589,jute
100.65225188808228,52.56553124533758,29.31614744720087,26.45810886825291,67.62156808849308,7.241345526943537,163.22188370455302,jute
76.87636573512995,60.2579664754219,29.702691451326,20.808645444661025,75.33120538923197,7.219189425509659,137.01634811307895,jute
44.014132822673176,42.488411415910015,44.41392639928736,28.600785249216486,76.2947091033168,6.494286696441999,203.8475183563937,jute
55.563099603654955,43.114792248169906,41.523391119400465,26.347656163855103,75.92154645447295,6.717220505852921,112.79181616467525,jute
70.10101905199382,51.53508712554468,32.141647725962564,25.17695266476879,83.57498000642158,6.528725399571118,179.26159427491427,jute
66.44720921658465,44.93388720303953,44.88172935671378,25.470918882905302,75.30774984348852,6.812108202145397,192.86524476591546,jute
53.400704657070264,58.59074064955898,37.30996209055142,26.27646979972069,89.57797538916182,6.014163151384767,157.26397493931134,jute
74.53741564949155,39.16246478875571,53.87949260669447,22.429683718519623,75.55562576410507,6.802194515801489,144.94626184809778,jute
73.25183145892484,50.17453261250175,37.33711676493991,24.719839423300154,75.76534310041303,5.9427648454096165,183.03983028348097,jute
99.0591968597669,47.18401630783438,41.8021129379804,27.078168265350577,69.84535602762641,7.551257329064803,180.05821991057005,jute
97.58228278906931,39.66967004476011,54.5444953804626,27.32546648210435,84.42432068681887,6.8170122271765745,168.78678454813877,jute
92.40637990168648,48.40359869848047,24.26344237130278,21.648440614878993,78.51323398245802,6.854999491582777,173.5852877775026,jute
92.62764947752396,27.488981359613753,41.14870349204128,19.546062323838534,86.07769836387335,6.652770642778999,185.49024930060295,jute
67.6334044729228,59.79464931657751,48.33379731247081,26.750632909035662,78.96386202509247,6.989928642647566,157.3276858003163,jute
88.26666790824855,63.49480894323921,48.56488447983349,22.81119259057777,82.89133853818483,6.0534292281206765,189.3097577793919,jute
83.40724095435047,28.30183660467836,30.70572924870109,24.1505833097687,77.59312202287339,6.095261532290597,184.7244682338046,jute
81.01768330728615,45.05730868021481,33.953667998733096,28.146121379249692,93.24325690470636,6.458219258076731,159.6958270711295,jute
83.89449198494395,43.419706202530136,38.884822394694126,27.218959455174016,64.72515129994166,7.359151162426334,176.81701310823354,jute
73.06208226525384,46.10765845778551,39.69943484016415,19.806396089665224,91.95950581962589,6.7206628161353095,186.0750532611844,jute
89.41859724688851,36.788375424396996,43.78777519228183,24.19707672730362,86.77416620173194,5.6363862898242525,172.52264249396828,jute
70.76615213059246,51.322629506341556,43.76035349894562,22.87712231553392,74.30260908659164,6.644667315721335,152.5839443171198,jute
88.10380434542552,43.30792799552554,16.74409424542687,23.875533830134582,71.69164943324822,5.8843620922695274,144.0643340444357,jute
79.31290166199564,60.28640828248231,42.50547579091984,23.18048983535278,83.64723356136562,6.470454844890504,157.63499077092138,jute
64.14764798120419,29.48171193248281,36.88061034752444,25.474160469760395,79.22701063988089,6.492016536026321,151.35634848258047,jute
85.29895430021962,33.82868080053415,46.208223310747805,21.993348943219825,73.98051810117572,5.966607404692161,162.46494632785908,jute
89.70374950173574,52.15628088443957,47.82737689622428,26.56642763780181,71.17064137175704,6.534605387836222,155.49502177206344,jute
93.96689884846847,35.03211353573688,47.149581515112885,27.678861610326308,94.6369616137287,6.495156703685251,192.80805398950406,jute
105.37982203846612,40.82358323066303,27.719678019741124,19.35996989827671,85.70169623089065,5.758424895970708,165.69202367655194,jute
83.24775824446753,48.85175536829914,43.403558913473375,25.66686956740256,90.23092650650715,6.223841809630602,158.0751215385367,jute
68.72808665675011,55.301918118626105,47.20318870716051,26.353675957955524,89.46794933511943,6.11097956631181,216.68060278877843,jute
96.2788634605471,54.35621997245747,54.25439127016848,20.030130376966678,75.80441490989878,6.332348269659024,193.03698309393357,jute
65.39831112477425,54.574951493374854,50.96428915197371,27.085608700252,82.27000818929201,6.206063329549625,153.8287258468659,jute
92.99542686356,54.793490039053324,39.687843844979646,23.746271362702327,63.79353701510898,6.164573790657781,222.78547717849307,jute
62.6345331479704,48.89479821221081,48.05955178556159,21.23523199599312,81.47768379824866,7.168957768755328,175.31248304768127,jute
112.42083666800121,30.314007411218046,48.469828239071035,24.481594787810607,86.1753612386934,6.920653575849623,156.6710950722501,jute
80.74795670951208,28.420985486017127,44.82598000457115,25.894475397971576,85.10928134914482,7.229059162543575,184.19049600524278,jute
79.77707303757931,38.18931663338708,34.30223389080759,28.560203860531992,91.49068324564783,6.580944781843973,176.15006868133185,jute
67.1446275000748,58.72756845267445,45.32333458953423,30.82365230939125,72.9734153825621,6.510996050490892,180.7861480631393,jute
85.75787445270925,44.84332362452368,33.016311276370395,27.644222586770713,85.76908290036465,6.241862949718138,208.8860700276374,jute
92.04238451035924,48.34296497247793,40.63678289900829,26.662173313347722,73.10637543794994,6.715015739582041,121.1904113847705,jute
88.51746774603522,31.385067775581405,52.027358627431994,24.00963971810065,78.30666414455058,6.386133046957747,167.79902815194808,jute
95.02237614177645,22.121913434649205,50.2157230887055,26.014070443305123,70.34382681714227,6.162343803475381,216.90982568020507,jute
66.65391744068722,35.46649489404041,49.09851633891783,26.015658628857743,72.49659538770881,6.80831248770231,149.35618290899308,jute
91.20985678107127,57.61370964873134,44.25604959057554,26.08498318374105,94.08950499893899,6.699843163694113,145.45314686447998,jute
83.39368695398768,67.86047049537115,31.881924054513185,23.915611699918042,83.33156830481163,6.67304757549713,150.44241049056714,jute
91.46229427476565,70.2004072201726,41.56905167219126,22.287795130792,67.6083157995722,6.828987990610591,202.59693358290644,jute
83.70201295794458,46.97596159081146,35.28582678568555,21.723509101845732,86.67801061059906,7.156885810692793,136.35675533273167,jute
97.07806773816822,52.74071220894001,51.196757161166346,20.973616754544654,69.07340675667649,6.6255153451163515,187.56961067237987,jute
99.55632987512357,54.060789138151314,38.058549785503736,21.920892377002325,89.8400045817532,6.217647287124643,215.71171386930803,jute
74.58738420472189,62.905820726178504,45.43145032047423,24.589013531672624,75.844829025391,6.52954606132696,185.70791730938095,jute
78.9258779546126,41.06188591931295,38.67494871745894,25.23573108915745,62.97012724468151,6.929084057394349,150.50696938207983,jute
64.16001116153106,30.1265565288929,25.648860017056876,20.933657490663133,74.32783233895607,7.676629568763285,161.8530081026199,jute
80.13300127521637,51.004813865063284,41.04852148972679,24.76766961782202,70.43764989120604,7.425463774139606,220.17991609094713,jute
57.80809567052777,36.7597140911362,37.76151726098395,22.106386615269425,84.04772442764693,6.335863898796694,229.12640169516504,jute
92.28658313212316,49.12574030632215,48.21589010655786,28.317701273071926,75.48842009553405,6.2918913777290175,176.9535765742412,jute
88.33963349397533,48.390603986534174,27.384028142472022,22.591526668147473,79.40821709124498,6.662167197837085,224.3135544197452,jute
61.368144691212024,52.055892418358745,51.91290486662632,31.814349236268388,76.7648206145283,6.9457147263601,189.24400892996618,jute
80.3457807786395,46.01154798760694,43.487803116000364,17.403261744340945,85.45655592050105,6.763088951830984,169.43812758054338,jute
102.56234634863469,40.250659812094476,36.77539208747975,30.974659906614203,73.34350956120115,6.424942358531731,171.32436441422874,jute
88.08881378555459,49.078025073533134,29.6589972227819,23.40349431061843,75.1411645343023,6.661389477388477,185.6460914657457,jute
83.01846907065567,29.23988245951598,48.51152790048685,25.757706537989872,91.07625638075125,6.922099163645336,202.53307394339404,jute
83.59854373740153,60.46225756202748,44.17800508814223,24.706254260671287,98.17947776357505,7.144518561139947,189.34361052511034,jute
62.68434700153997,34.11692382536462,42.341723857134824,25.436563593304722,75.08701947993347,6.77049134980603,214.71567320108988,jute
86.34482969460359,35.589914902472614,39.10792938285645,22.585100557442317,76.89840066873151,6.493192167185179,163.05886043489988,jute
62.93837553631926,45.7234531848181,35.51513890522152,16.211653929993197,96.4237761960133,7.244384827108336,165.5924818768751,jute
78.22582859688718,35.28345652682438,53.565783022486926,30.691866084319336,81.2535498259722,7.211765322092672,179.38216947334809,jute
61.95929473348883,42.881766310363425,41.055423734175655,23.63635684376967,78.25077378051971,6.6543002212454425,172.97803755336346,jute
78.6271018859698,36.39394933603399,34.26387080697651,21.146247202900092,87.8225243974896,5.647176529079838,203.83975858292314,jute
94.63619276715411,43.97819413017378,19.17490329738161,23.91606831409813,79.48652670968944,6.194700890035543,162.11954015479392,jute
96.36234238636021,53.64927162301741,32.6034870849752,20.207202491213703,77.38386145912183,6.5932716103247815,187.40497968408292,jute
71.5761994491881,52.114995753618615,55.48123232048184,27.446503067332788,79.61529194135382,6.6084247644733525,166.08317164550323,jute
36.16769094942573,10.72686554048697,30.36178167199986,27.153593705643257,90.98572645750774,5.31376722605795,183.0743625904417,coconut
21.267952337735398,22.002404694365698,25.731197548486666,30.662463896439142,87.98580975030524,6.856020142008946,131.30908725429344,coconut
27.217240774682693,21.754306825266234,23.63554345647294,28.273181813583037,100.0,4.891590580322967,187.56862018727037,coconut
0.0,7.343351964767919,43.03333091920756,25.254653899823836,85.60896028472823,5.901031135507659,226.6976584540888,coconut
0.019813033527686486,6.486900883606555,41.97945346543701,32.5731070306132,94.17255020567772,5.380473648736679,227.39608754522897,coconut
41.13330870099036,23.78946987762233,23.50078120850064,26.85291197748589,93.71711935164136,6.165425652307789,211.2750359532834,coconut
32.55300449364884,6.226239230152418,41.0119716001563,27.939396420039465,100.0,6.733270429639301,147.2104937621612,coconut
21.570093055522445,11.68545448640785,17.45712459707635,28.04012993281476,100.0,5.079961127747124,174.19298472376323,coconut
29.68651522089728,18.23078201656181,29.094975579874077,23.102350909662526,96.86229394352131,5.621618011492036,120.25195737553616,coconut
36.33510664616477,26.583858198420423,30.413287814808637,27.68722406461711,100.0,6.1121698283890415,197.60043886903287,coconut
18.430213589513798,30.119837385739466,32.56628580746147,27.582155830817623,84.83951129030375,6.143477927150855,154.20112706263873,coconut
14.34060728165807,8.846243716838789,21.4701205448062,33.37431420905089,100.0,6.9601837510721305,144.4276245111109,coconut
22.85504499893071,4.0649237479590425,24.43444098242349,24.245619049750275,100.0,5.80188516094912,201.7094833423504,coconut
29.249450675062214,40.036387521047885,18.164446214882208,30.777699719360395,100.0,5.513310580986483,200.178333411829,coconut
26.033739556314746,14.725237400465922,23.408516104224002,24.84267164565244,100.0,6.000341409478741,194.55325003828648,coconut
12.509207419989362,9.201470537783612,38.655878473999536,22.951271365345406,91.67828985675783,6.017013705536116,177.78431504600132,coconut
19.850880579806123,20.95819781095923,35.54284604654249,29.20391263637799,87.11356953065739,5.857922451035601,204.86907154692344,coconut
32.73576625088647,3.2714054851893604,32.811839202817616,21.06532425187557,95.37547921648296,6.9488835083729885,151.30268206827535,coconut
11.988123454101014,24.640297815728594,17.657587878322833,25.101734910344884,99.77152910065402,5.682857076155298,169.1007503197257,coconut
30.930228523780414,21.21546083536561,32.13454717036321,25.982633162189885,97.96048892215164,5.938133659950122,186.4451402481446,coconut
16.036815698584263,15.174310256204588,22.08033765958389,26.894977169981292,88.51199309096924,5.4429767749190034,181.4665286963847,coconut
24.552877310291922,24.828737349485724,26.55099544339921,28.224158540510267,99.4063805781893,6.2223869039157975,154.35865792994645,coconut
23.792361787254265,20.641402960546614,30.057427735263534,20.740567024886744,96.28391699178783,7.106265519698621,165.99901828107542,coconut
13.263074825736146,20.733485597113983,32.499025683732576,30.578205496249243,84.9370547527289,6.365690126287496,189.76055153128658,coconut
20.294241556713448,20.3868731792169,38.23565985278686,29.61694614008535,85.85584550341017,6.4100790933777425,173.38278487418702,coconut
22.874489176186184,17.731969910016947,28.79805608961392,30.575122491321196,94.3302563212063,5.440226935808416,165.16175360075678,coconut
24.14433660172571,29.292147842970504,34.824757479590666,24.44839416375887,100.0,6.13238765548899,206.88476844997538,coconut
20.17942679707325,22.333592447054492,36.71574803614724,30.654584135262766,100.0,6.436098500036489,167.12283172014727,coconut
15.139047496527263,20.326075103241976,37.46502457872855,26.33183789767018,100.0,6.726308372743089,152.0919770231645,coconut
11.956951554444641,15.596249410946635,32.46090134551357,25.426298958698847,100.0,6.2120334307592255,175.98617620601848,coconut
4.76908571357767,3.841841835724928,32.24807400225445,20.602213121535492,100.0,5.92092307781384,256.07732423986835,coconut
49.69499500739333,15.185509307524832,29.14930397974948,29.98674454200609,100.0,5.180985471281992,130.34061336613283,coconut
14.535582333347424,22.827375831738642,33.97498872406078,30.209314364951553,85.40241977307754,4.8419280685155615,196.45035488255363,coconut
12.061644724417185,0.0,31.160509967675054,29.37952706465603,94.02354294302978,5.7710758069087555,171.01594419635234,coconut
17.553006851190606,3.5195288805983296,24.282554584076546,28.563839715041443,97.573428331012,6.08402990298341,150.1212879536655,coconut
19.821962054371994,0.0,31.427813311083117,31.286573123440704,83.20694294366315,5.707036163341122,183.22766946775323,coconut
37.0341116131298,12.517753836998505,24.46199736587283,21.09323057275175,95.82750503446485,7.021038020071872,181.9339615491169,coconut
21.73265224979544,20.220823107669855,29.911263968411184,24.56095688321961,100.0,6.112880761555878,175.44033129834142,coconut
10.295607672661001,30.03507931934759,35.31762196266488,25.341237487898095,100.0,5.751214580807396,155.44991268722407,coconut
12.883562590236554,0.0,33.772339043345646,21.50656536498495,85.1724493498739,4.962205995460733,172.84825768022768,coconut
20.196154476737536,13.73303786813636,21.65937844263539,23.48329873969008,98.7149589083726,5.724724034145757,182.90895803840363,coconut
11.37701576650933,18.810627427710823,40.42622429852851,28.75849740117835,91.70068945426816,6.128599485177964,168.98337063674467,coconut
22.094562216336737,13.743889478514964,28.68531835291687,27.636280059222525,87.0531304033444,5.492060586505011,140.28643615421973,coconut
2.796746745955481,4.827173077795207,31.275700054433035,24.321637453524346,99.10891571384877,6.017356874376281,125.78739466404866,coconut
29.859707010660276,25.1079864559171,22.049098601321173,28.260574628684974,88.14801410072641,6.048835188374167,143.38753982612587,coconut
0.48272256958507853,13.171828103870313,29.01016842980131,25.80696091915619,85.52775553421952,5.800050468934431,181.73236881451834,coconut
21.461283638529558,18.825010305992134,24.639078396366138,30.515153744148478,85.59061330756175,6.243780148543359,204.54727732399903,coconut
27.770897112986745,14.9747577293517,25.773623626696168,30.10826295313877,83.61620059790661,5.514937869810178,165.06105586270695,coconut
36.85184509014398,20.79767636040896,22.255633931918037,26.069076883845288,90.08541484722964,5.645105503883232,199.4722389639195,coconut
5.539082448837931,33.087808557343735,36.62583752147698,30.272585011811096,91.29648390379793,5.925029640460445,139.1712046368822,coconut
15.704051115198364,21.936548476431508,40.36850449425117,23.678529549592646,92.07595250411788,5.924350389883739,140.10526994518787,coconut
29.096190901100805,9.76009668257391,28.436877190583807,25.644151884264367,88.6852919542426,5.996477507259723,169.60976053579944,coconut
17.537705412656013,9.715383783196572,32.556197366263646,31.960851805476857,96.11909786271302,6.498059107455564,140.24445187116345,coconut
23.893137271525234,6.026316810289334,18.18460057974479,24.78188577762289,100.0,6.475007914334823,181.07511805136,coconut
3.607593281320831,15.037193486120632,32.413600071213885,27.526608688735795,80.24965133215403,5.554841075990064,173.39805589628207,coconut
28.43549091420628,0.0,28.703008196161132,27.429146309636856,100.0,6.346428792118719,189.56428297022012,coconut
12.40071391957679,0.0,26.85557794350879,30.00489547562568,100.0,6.355274551148892,185.73352057004337,coconut
26.555675780631585,11.438812532392195,28.95951765157104,32.00720857747899,87.45953595366498,6.807389395354925,166.94929613769852,coconut
37.90518530914094,2.9318499050246167,34.68723360931719,24.789689592157135,83.6778624646065,6.109267021205473,200.23679471489922,coconut
11.860702736878043,2.0098403954159885,29.26524188532036,26.737694013668456,99.38655702043599,6.474797285682244,173.51462046818764,coconut
44.266039777531155,19.24234744535292,27.228587951944803,22.165297922691515,92.89872383747065,5.8318065272944315,199.00761990703677,coconut
27.549803488802247,5.206308783673828,31.3780350912883,29.01459351518716,100.0,6.443751983707029,194.02116635778694,coconut
22.721031935381962,20.883120054234496,39.99603920564927,23.001667807561052,92.20448538226435,5.61371562562188,184.4788279681531,coconut
36.76266610780945,11.030257132789261,10.877565060244496,25.76333776492659,100.0,6.26881495147494,185.7046561952644,coconut
18.640080377506244,4.209692637802137,34.12235457299574,24.497154569896125,100.0,6.285253604177258,160.48379243615122,coconut
14.663377031336461,16.070557933864116,28.083984623826,30.350501326589864,96.49132935795237,5.634184130545736,222.26101712889457,coconut
22.591699978242673,24.688396759688967,25.134187940441926,28.08934688323357,97.48887992914557,5.055175353951924,225.381877761516,coconut
37.48773353107057,13.028046838540124,21.181842076353156,28.042684841410654,95.69358159531517,6.177834474281615,179.78943490485224,coconut
28.074891871671113,31.473056993918064,34.54482564102917,23.851033503270177,100.0,6.820307281744144,253.8014183628021,coconut
8.518071601124824,19.42882013150275,13.343210374488102,28.65944746913763,90.61439761466582,6.961722897412477,155.63462574953545,coconut
1.7298035443928583,12.287362592974803,14.1960978302629,29.25329836352193,78.47933562994943,6.014228790591579,123.05470450359508,coconut
18.1564263455603,33.43378155804534,32.88518313148636,24.409519185105196,94.75037208848732,6.009008436022223,186.81575864608513,coconut
5.597699640630083,22.925672738473306,8.364866947177799,25.11034634290857,91.09380926038764,6.316663413035619,175.56577131692174,coconut
5.133243353724559,7.150068741829848,31.589440076379255,26.762797974406332,90.36700712291403,5.75958310524401,192.40419992898222,coconut
15.787689125569424,16.119087559709268,47.35949270464434,22.72895208934823,80.18525814740273,6.391794832399303,158.0339234676474,coconut
18.181149667088558,9.188436218688858,27.9215988738599,31.795614336289024,100.0,6.431111755943489,139.59432360518386,coconut
8.18615516136557,0.0,23.52495343133797,29.870109559156976,99.13557212598697,5.889243368523938,174.44249290704866,coconut
13.733373489095133,19.047588824017843,36.127026235844916,22.15233963776858,97.39718150269879,6.466217435477334,164.62249277591576,coconut
30.408407345447003,45.14654444472553,29.165257656104863,28.17992115001597,89.09554333070886,6.090625581301025,186.5067906245576,coconut
24.338108083241657,6.803046802911432,31.650894170603607,31.38658781615291,98.58908611611622,6.480993594535921,169.0747007496843,coconut
30.99880287308453,19.79267838216526,22.392714162502145,27.955563014396624,87.06642669247752,5.683559862557604,179.73320768230934,coconut
25.566931280561487,5.107675349228709,38.43188616946301,28.71601883490142,89.36217251511293,5.231207601775412,171.3773855229642,coconut
16.648675433666078,18.13140457053023,27.095066710755468,20.97762941776497,91.89322449359074,5.847190444465843,190.84152561935147,coconut
13.621603904667403,33.786746733725664,14.706875594785943,30.93350249340787,93.20544823297516,6.429792436171778,176.99503710146834,coconut
35.67466643230563,13.126380354471888,21.2110365985775,31.261512861813188,94.09215483294287,6.110779236812105,205.8687978511199,coconut
9.616537094866782,22.954908976392574,25.280841948296874,26.603491933066884,95.57823172307431,5.249889069276532,155.52907392948913,coconut
38.21287470895767,25.861911885847956,29.49888338138212,27.72937037553868,92.64605995490834,6.678291692913991,169.9911855551459,coconut
24.782105105618175,28.46030144142065,23.781028121232747,31.67636755349068,82.75630872205298,6.8148210655564,165.68311040120062,coconut
19.087615026096618,0.0,26.361642260978456,23.880580406919346,90.13882923701222,5.93134451710556,198.94479036182264,coconut
24.49124021680751,20.07676653401114,21.2358448892355,24.35773773119181,100.0,5.632399482618377,216.4052063014324,coconut
19.083265613429603,17.02287936143504,38.56292128183944,30.81567726581597,94.1134995177673,5.805878473239231,173.60198878694467,coconut
26.055490338785418,25.913036868697553,30.03383887195321,28.85665889406946,100.0,6.190654806132392,182.79132140011947,coconut
3.7730700989191845,0.0,33.10700583384135,26.715527306157384,90.88173860068207,6.121765102093172,173.48990677007728,coconut
35.53336300760678,17.86110868258978,24.02461371943866,29.970498716877866,93.26295140043038,6.263268341836153,163.06473234517998,coconut
14.202077374030763,17.841682301856963,30.102629148349482,28.439481106100498,92.85083397352206,5.081820108114801,164.1806529102903,coconut
31.52582160572579,14.026239207568935,28.028932779883615,29.959129517717813,89.30421418192861,5.22859839087855,170.98422201186264,coconut
16.189912585015158,7.33753680246746,28.596972352810475,28.47451694174035,94.92569150745747,6.153490536343119,220.33519246288557,coconut
17.88545366130923,19.783486346446697,25.926293099206923,24.46092084033908,90.32073877265785,5.760620714239156,183.98689493867815,coconut
50.18890944040909,9.839565637241597,26.6669975550763,26.810630960666256,98.16639078967798,6.131775405977392,207.10239484870294,coconut
0.0,0.0,26.032974623918804,30.291900562631128,82.47481574715523,4.496183830153122,189.27948515548022,coconut
52.923886684432574,54.097915932005705,42.11568319423256,30.79076884109598,92.88428253979153,6.386842361908497,155.351597974388,papaya
15.744480045147306,56.43148134872201,40.9915683127116,32.93097796488253,87.69561793207889,7.098921889947883,96.51658070849857,papaya
50.545897715969026,70.58336423211705,64.85317949249564,32.254702086719576,94.59566883482013,5.798068603718818,83.20109489217441,papaya
60.1372925093804,64.94439706351929,59.42810151838738,29.579791333090753,96.15921711623002,7.634408920271927,153.49264020893165,papaya
53.31897806709259,65.0855608082435,37.4329483429927,37.76671880713105,87.11313888155948,6.9522416281915085,103.92414233571867,papaya
35.84648402590663,79.35087399222235,47.22158168833726,38.059826428127636,91.37415472753186,5.779051113521072,165.30168999329302,papaya
42.9212921869327,71.98688813517043,50.201686940320656,29.070645316171394,93.31435812296455,7.7981115710764,155.32466146286149,papaya
49.30978696393444,75.75343401956897,51.685347721624886,34.32860269078839,83.26699862272719,6.816924012894799,168.88608541042362,papaya
39.967254174799706,79.24495821246947,49.26635180683899,31.03669146538438,99.98105661536195,6.556602882130866,161.9878721871527,papaya
46.49889641289755,64.40173856470096,53.94848163467433,34.57269117277002,76.03574575638609,6.139378129952805,166.2352496197704,papaya
48.414360933181435,59.762686972285785,39.131407877940205,30.46079103617246,75.82561088030442,6.649359640649234,128.03906048547384,papaya
38.40094530817622,64.31876574832047,52.911765046821905,39.979593796629835,79.90493264349429,7.279690521650261,167.3275390253768,papaya
40.65088712747959,67.03235954586032,46.33893400529908,34.25706574125622,100.0,7.002803116315657,155.71520933083605,papaya
44.83628816054429,50.15943335075665,48.332254315676735,37.31982446459175,79.78265714728282,6.172455315911653,146.1566934058517,papaya
38.18414258183285,57.07476552884788,46.611211346174585,29.603147787429556,84.20702523026905,7.051713958393655,110.3157554442259,papaya
30.825534386061946,58.69975020466106,55.85564402007876,33.109234576009335,88.28335137507506,6.722179398757803,99.3573141785087,papaya
55.93646784530039,68.83435031403644,46.72553220723423,36.717773535389256,82.98003120837569,7.263954496626785,146.86234163988127,papaya
45.96136892146192,64.80126364631688,49.14188187351247,37.36084868925315,83.38656698023189,6.318740380426701,168.907572301812,papaya
42.85358077779369,74.00533077331592,63.595487864069675,32.4946149191751,97.45089861260244,6.1231538593300705,161.86833245169524,papaya
52.39308783184121,69.73038282160215,44.83542342371684,28.716749753298487,96.02601651799604,5.668298423760273,135.06623769393664,papaya
61.294182397039634,66.91897735873036,65.5867411583185,36.77532745774532,86.76881289339539,6.7136566899257195,141.8157324363891,papaya
31.013878839846473,55.59601083515647,45.51391274416112,27.591338491432193,92.37994774601314,6.575464077673479,101.17765246721063,papaya
54.85055438332799,72.1587274469096,51.81627583091911,32.727795474373096,96.73153721401484,7.0401101802383454,150.6850892429922,papaya
40.10465299478287,67.7660076551118,59.56384520660383,31.910112824164813,100.0,6.437184533007308,143.8101753335034,papaya
41.93017284792397,67.2327083592026,36.0622264589178,32.06187460354984,83.26303039721147,6.767669173946145,167.8611843877227,papaya
57.752074245374615,41.28340639141108,66.33655722342304,34.585839821862606,85.788006876056,6.778563959495471,147.4047455625673,papaya
41.99781539658124,66.97916667342075,45.14022169903754,32.486914021929934,86.50976691395933,5.983664355130173,146.6459117553846,papaya
57.02359323819606,70.14883596076372,56.55940202108187,34.673020630044604,87.73819601426477,7.119831932215595,109.06206150395163,papaya
39.19194340985024,55.357999285767555,58.64044847311448,36.52836554242023,95.89844189635996,7.235964932605899,121.0179304397003,papaya
54.183141438331766,63.74825571616836,56.77505683107931,33.35432730234341,88.92045689271936,6.970454259280495,164.90422917978083,papaya
41.97985766183838,64.38924328647624,41.532474930866776,26.205816947521186,93.60367705130983,7.004452678127316,149.55167022716813,papaya
26.605259386947594,61.491505699235255,32.25321791959135,37.80910332296256,83.31156334305531,7.327701804729949,166.64674109210364,papaya
39.192915769567264,53.672150487322554,52.802961731090704,31.16702788845079,92.81987713726566,6.458586204596541,98.47103963835917,papaya
23.23438377050649,67.26684248494597,45.507538029355,32.0407305492576,97.56691071275029,7.2867211383162225,136.18638196595478,papaya
45.91281551708166,70.00143033113883,39.144515442403396,34.369459164243096,96.41508777457723,7.040115104208815,94.58118243743837,papaya
40.86373676229271,56.217367471765336,50.7990956352737,35.142233739303954,100.0,6.452517259815964,130.56068754226965,papaya
63.796064226544964,67.96576938530305,60.14121208950379,34.56618400902951,82.74306705029383,6.0334358226110965,104.21219377352676,papaya
57.94462201710168,76.88596823087008,64.79489713109105,36.229315996969724,100.0,6.409991833673158,114.08960458140358,papaya
60.20095198901064,69.176807522394,50.85955499472714,34.862114441898974,94.58548385966564,7.3419084299267805,175.3746396204239,papaya
56.530644228084164,73.45802872562928,54.11250041939821,32.316490803896144,98.05251739930512,6.002752465570369,169.3472888073971,papaya
35.66572472280758,67.85803286794733,43.23876833259073,35.360166949223284,91.72859819257673,5.902622020918334,153.51749077546197,papaya
43.06495067800747,73.81146720813369,50.010605509875255,34.88626295616412,84.3394483598783,6.4053338842863194,131.5340340974729,papaya
60.28042976291067,81.77377087805489,43.55862598605699,36.93054443397304,74.64258065819439,6.102905299453855,119.03053859533063,papaya
33.76989572671133,49.1641161021242,53.30399129710238,33.05779690681642,95.03524318084088,7.045236343060757,149.64042482931333,papaya
57.89315811380448,64.3046771375773,40.50405289355405,36.87344254246239,87.28710293775099,6.232201850618787,138.55205310489004,papaya
39.046268968441844,60.82569618010568,52.75243137250773,34.74502521773838,84.81735946859496,6.456147313525628,169.8583251192561,papaya
55.956801412807295,85.75065039348542,59.44102538993222,37.13287920567982,80.89705159635358,7.081930175816711,141.67232995757723,papaya
43.38821835754101,66.68015340532529,57.56169227689187,35.20249477301264,84.97220958926351,7.07122945679631,127.0603114481009,papaya
52.60019742757144,61.96649932522866,48.249069986114996,35.99872892512153,83.67845024147282,7.672597537138467,97.4728482676376,papaya
42.82798780094171,68.70211889941741,54.67451333148248,33.398572838284885,91.54087437598766,6.905275042663808,137.223263063558,papaya
66.71817509521887,73.39349114231602,56.98259480804508,30.80152982988875,91.36489260475437,6.549767025639649,117.85996560776336,papaya
54.3219702073492,59.62354242220184,55.2432306388019,30.489425311317007,100.0,6.251833670703969,148.4825584300109,papaya
59.502311724656806,59.293595697998875,56.819749147463604,30.012449206598752,100.0,6.707074632482879,128.089714800778,papaya
46.40981873087079,73.08919269392719,45.324357665196494,31.45192693173167,90.2277072193301,6.111518943615016,188.5135976985454,papaya
43.203264905423325,73.31616786180403,51.67576066918218,30.7463978485541,91.95236232629817,7.092001389655374,138.29346662284235,papaya
64.31735535021234,75.21515392781863,57.35131883726663,32.32102968318101,83.3612604177481,6.393206197318603,147.906023516668,papaya
56.54944056238827,43.28428595239552,49.935094387106,34.17426767596955,89.7796459494756,7.34563691950794,153.54450185627178,papaya
65.72230289697076,62.84039479649768,57.4998199400554,38.60519918358256,100.0,6.153929203285633,136.65809806144048,papaya
45.858023534602445,69.89254535076327,55.49082844011627,31.183321977922795,92.5427081113355,5.690036333921932,179.04862514504725,papaya
43.85150911187968,65.55863939844497,47.52280228809551,37.13808272504025,69.29994846882097,6.691694828837045,140.35453106255756,papaya
44.55636334889981,82.26226545635632,42.90136432915383,36.01538853170699,94.85002230964866,7.330759626267758,126.32027288056237,papaya
41.204373210514895,75.96069907477398,53.40257046664088,29.065187959969727,87.68555988429384,6.893191326924031,163.94410553866473,papaya
41.84923216168454,35.85744010183059,54.18578548589627,30.039037930168075,75.86128961502071,5.283837037507929,163.34952150494354,papaya
51.543409404859595,62.74343619287748,61.11219490370209,35.61197404906922,100.0,6.003632263916502,142.13623440115092,papaya
30.59943950062383,62.70617668144533,48.011073169866584,35.57984091178921,92.36451104913519,7.011703569139958,160.58600332847234,papaya
75.8591441285977,61.847033447138756,42.471818394668965,34.43825084594923,85.58175978288365,7.4409803842182685,135.9195490263692,papaya
43.213083585512116,60.28684278848882,55.747339387773124,33.226759050305546,86.86666543895694,7.532675958811765,121.59575398345625,papaya
50.42679288839592,71.5230615161023,36.94931911666342,35.14078150421778,83.5591385961564,7.111391390417001,118.93372470202559,papaya
58.313228382186324,76.05833066294713,56.89149220506244,34.45394994471431,90.1495924565624,6.411790211832578,179.7758672704276,papaya
41.60605735798828,54.62933926430004,55.32295148026264,31.311589590440516,84.39949202027098,5.978197868915117,130.92725401348707,papaya
49.00741971324208,67.43091727660699,57.61044995439587,35.28069377099738,90.47302224357456,6.60090216181014,155.7539367228796,papaya
65.27084195514283,66.263141994832,46.24695316631673,30.721401996743367,80.4383578847022,7.033134836021762,157.44946309098893,papaya
56.92836230127994,63.71340553647944,61.255477967134006,32.24764451624555,99.64215389765765,6.680628552505229,127.79123088301657,papaya
57.110363687813134,69.09636118683994,52.85578207413541,33.9438352661686,91.69685534626535,7.894185996435219,172.60641612990432,papaya
58.673922739826146,66.11799158203388,58.057257604773355,35.25398432917436,92.20963802219228,6.5482178373670425,140.9770665584328,papaya
11.95489116946333,67.10600839297642,46.09219135911712,38.478009994848655,92.15475256649404,6.105518290232519,141.75299614679705,papaya
37.446546979249945,69.73407415712467,52.327578914715886,36.5735188933248,85.67294566644348,6.717004048114074,108.87445511433413,papaya
58.41793738309657,70.18871180440122,53.966440168220565,33.704857094070825,95.31818312631033,7.502169554154298,135.87264357394966,papaya
51.663742204521014,54.1387370081859,43.05391230721334,33.993439879279926,100.0,6.571859587874214,137.1020867671969,papaya
45.1173770659475,59.65243329155677,52.35977164567057,29.20822706446407,100.0,6.36728885093527,161.04758713595353,papaya
34.76001683127349,71.68840130546218,55.37555686251598,34.85260621601769,84.04457182560166,6.8247740947990385,113.42359538164027,papaya
46.96684093884578,75.29413100955325,56.37361541656594,33.7455488276213,84.20154739261727,7.022793856087097,143.48453094245062,papaya
22.15621282123492,72.82629826316519,49.806137329042464,37.30735374394922,83.23783584925756,5.111648093402,149.97709645862963,papaya
53.49876412018367,48.093283723935485,42.17200363306715,41.965653231159706,89.55511508676958,7.0654794881881084,126.73350431579041,papaya
24.91636521376212,63.297417532040946,47.87516351771116,32.50036528399489,91.08287331594886,6.832134135822819,139.24707621865483,papaya
34.83192598463164,69.86184791561939,34.40502595742061,27.548927628147403,97.91344395761254,6.9535101360676785,141.5651158731491,papaya
33.254617942939134,57.920890593259244,47.89802601850797,28.912318094277662,86.08777073581413,7.02616516908834,178.6826341072304,papaya
44.96678296809739,72.56488354316099,34.68751943530026,35.678353723340834,85.56841268218015,6.853672808353985,136.80618954400728,papaya
65.84496811740601,56.25564351660082,55.02085038049465,32.861477610110406,90.73355617592269,6.608073053420395,121.85817238764717,papaya
49.83081240911994,64.37351777878179,51.929921987253834,33.95351543707859,98.38395639689789,7.161754308023685,116.73441695430498,papaya
60.42527000708925,53.13663572890145,54.70284710510188,35.55921635410861,76.70946486669996,6.746489623264705,131.2875971659921,papaya
40.894816904775496,78.50852330699006,44.77056687490065,31.280869212645854,92.60555952004074,7.042794873149209,139.45878534974682,papaya
63.996446548031024,70.30975661964091,32.57430944214856,32.11159910947898,87.50526320518641,6.939680476714711,77.37957359064721,papaya
80.58811650461266,70.3102609489421,51.19101443134153,37.24470314925744,100.0,7.1353733222942015,166.7203274117905,papaya
51.568280293572585,63.58474246633052,46.19363644796079,31.221664024856377,86.50388720240402,6.024722017828509,141.10321373287442,papaya
29.783989073283358,66.90916524143711,49.70935513566127,34.140805895160064,87.82294743984006,8.238430185090252,177.0028975045078,papaya
35.065489998983324,67.32868087426898,45.13595085650141,30.65656081987776,81.27942343100852,6.9161083453796275,125.96549412326065,papaya
61.61391228830245,74.9378221453044,60.991315081691596,31.142839701777692,95.80292488553609,7.016227108321151,131.14554562240087,papaya
40.738736511285495,81.09520665775973,51.81996700585643,35.607903252135216,85.42339190537658,6.0903577667389035,128.76375563769724,papaya
48.511743351320035,54.35779993182651,49.921241530796934,28.634484435794505,83.03962062024102,7.035455624138438,158.09476300694735,papaya
15.297478815357604,0.0,1.7807715877919126,21.68019526217606,97.15614793316233,7.464122845672162,97.58670661295078,orange
6.158090888182594,12.678436378663333,3.4117202349932043,21.245242083416393,100.0,7.413557714282884,113.94935780628629,orange
4.736971986647326,12.11396567470659,18.50125832630021,21.673099002703395,100.0,7.646372644759103,151.59332080358683,orange
23.662917518376236,15.873916998060123,21.313498306648718,24.142181811206928,87.9901271376783,6.775728581736069,115.96387384434348,orange
4.513262936645376,8.567410846358074,18.77237694584203,16.22623844650416,100.0,7.56118710935158,98.50588460423809,orange
26.520689934461714,10.031477269063267,19.839922947509464,25.748049428309823,80.79943421453592,7.293631206732089,104.8593036589188,orange
20.993990846217198,2.718280990301844,23.98509655296668,25.920185459707728,86.08183068821626,6.332694696544884,100.3581842255538,orange
25.214031753095668,12.40205843946223,20.025062598145947,25.16975916654256,99.75655220602326,7.163427700305219,75.26753174472525,orange
17.651617626237183,20.600897399086655,9.587816571802831,24.30927110587124,89.45001347803094,6.485094075729077,106.91639839884724,orange
23.708569316391845,3.4431228053855634,8.114310041146652,19.981610274042055,100.0,6.852772121205983,146.31888862815458,orange
38.3449742064909,9.189540352782563,1.9324101396212026,16.54230636679999,80.22370341578566,6.31308258755067,144.4617406865376,orange
21.389895046723353,13.896045240919879,0.0,19.206100712348217,99.0966382115703,7.143387056191293,106.31986803286007,orange
26.77810830320147,26.35797806135815,8.231660291703596,23.00810940797421,93.54077534985043,8.196054817636997,57.51609338952436,orange
28.198676177465696,8.851977512409363,14.534173809473437,20.827882338015826,91.6082797531324,7.3557052897327475,187.82275502609602,orange
29.69643427282486,1.5193440196949144,6.609922543818374,21.439757674848437,77.63485461895988,6.834954904149281,128.32072704554363,orange
4.7092145710784585,20.484826510505926,13.902198568674706,20.59730003408689,90.86776290129723,7.799160903820517,128.33869533764664,orange
20.105403858777773,7.623166830390157,10.612872563613276,21.26470932617309,75.16200395424788,8.021088955267366,113.88312497998504,orange
24.777767181470445,9.420922501230912,4.119065594203296,22.24222655715369,79.20484190244551,8.138543249026652,79.1372000394401,orange
7.616404593833845,5.597407956135996,20.30460579881902,22.84352699778796,82.1109136317563,7.62716918037867,128.27501566963704,orange
26.46121948659743,17.157342411708406,29.154895204659606,29.355284685108337,86.50627725597364,7.811942496405576,119.57920474397251,orange
25.98914979365299,0.0,8.636913876894432,20.361529228990307,98.62447051914647,7.535540250201403,58.137841224592215,orange
19.735581631948754,21.21861504794252,8.50656830149244,24.987190935007092,94.80932374101667,7.1708301159763135,103.21712554829256,orange
5.401030350371485,0.0,15.674820115642538,22.85837476655665,90.8919020431422,6.788054978838824,102.37027886298121,orange
32.562941533857675,6.647559181319733,0.0,25.03095532662052,90.36098668908227,7.015697932766388,150.18945765998777,orange
19.753273311793915,12.891836731187254,0.5686120696133976,22.14099164294712,96.87620836166882,6.222313133079378,115.02112732789274,orange
21.209492871737677,10.412874555874394,18.297271189265945,23.803315544545566,100.0,6.503205242202982,113.3981141804587,orange
21.01360143667937,0.0,17.65036001673077,29.774019917558455,91.86395140412935,7.252510544136883,112.11296189538318,orange
11.43698396111389,0.0,4.353812135237079,18.624124857144807,100.0,6.94244515303838,101.35201677382074,orange
30.66984589745367,0.0,3.865087695963581,23.004216807745863,100.0,7.250842522584394,116.20812856289706,orange
20.937412822832197,14.002358555267751,11.613223241034037,19.710083175669194,92.36863377306521,6.4631556705411235,112.02706357252059,orange
14.232224702141103,35.393816227828616,9.680844929986305,18.587281301215235,90.9265583145846,7.259679372818944,151.8340986538131,orange
12.926571200735378,0.0,16.53469609144785,18.658203882301045,88.51075646794013,6.871189757244503,108.25916366749729,orange
28.269973484892027,3.1636571771361233,7.810165982665914,22.757188941151835,93.1967836601503,7.048913587353962,120.9001443805645,orange
30.126074115700845,13.92634115650968,13.628684188073748,18.05333049976057,92.40182159332544,7.239753774000804,128.22352986426125,orange
11.69179070919447,3.40960725111355,5.4071945977312135,24.40924169967403,100.0,6.796269946354199,132.69905784067623,orange
21.48175770997513,8.757142228375637,8.308926161456249,25.039834093806473,94.60462253429657,8.13791271382382,88.6943839250669,orange
26.21722042435971,4.707989901884871,3.0457041040908495,22.767398588895084,93.0988198352563,8.459086777530047,105.39635460791995,orange
6.437855246183798,12.730107174943857,0.0,22.524129652187202,92.12820225836128,7.397300191472605,134.34055623569617,orange
13.957164573107391,8.49385985370067,3.8710333551146325,19.41581233557692,94.47915823504508,6.3632072257017,99.63432748570342,orange
8.05791248120915,15.496831862902596,24.411440794131906,18.895236051590008,77.17585213681944,6.9375565573249665,110.39244489894396,orange
22.623911681087574,5.536794847656551,8.394885609396546,23.902531231621808,100.0,6.022475614840858,100.77651402421344,orange
22.56570552729276,0.8202389538926411,23.849357054138395,20.89377035931379,91.66965850394173,7.2780110484211455,95.21788027995264,orange
0.0,5.713454730834667,18.235524447416324,21.789314619644585,85.22852558832817,7.462836104751361,101.73062759942368,orange
13.878070236197393,11.494560896633095,16.166001676950298,29.94514059519764,98.61788886125939,7.579919983194172,97.35084502530361,orange
7.689582728366284,10.62331349619123,10.85735932207677,19.56446177590621,90.5976437607679,7.199658800859566,119.009834875452,orange
26.05145424061127,12.909647301374429,5.943930725839554,21.25829812005347,82.408388816049,7.892387519592548,110.33625911548232,orange
17.301763330461778,0.712079185475412,33.48526321862222,19.580015903331315,88.56921659515142,7.207918418143031,125.00532414360694,orange
31.49518466258821,28.076085077692632,14.049261243685699,19.6319076001,89.94443899902575,7.153916186256943,161.7056510376456,orange
3.2263342589084374,22.025765052252275,11.439314956371334,25.313491605688444,91.18404226691254,6.578783684936837,128.7718194850333,orange
27.853172325267455,19.72056965739722,9.893562916970918,21.000533930040454,79.52970403980927,7.409686634069703,120.59723706109965,orange
8.41060840563249,4.614263267033758,6.265929504388476,18.351046704052745,85.45854082715893,6.433084821596823,99.68802470280158,orange
11.135630020045246,0.0,26.18072184455585,26.557622193087692,85.76784462784012,7.1362106983268045,120.43662724553238,orange
34.29303025728172,1.8139497333992143,18.736854271859407,21.156284087379195,81.31310076665109,7.362068279657248,142.2689606030607,orange
51.05490768236822,0.0,15.59135748064631,21.5705962686194,98.26686968419224,6.264755224384375,78.4307556075359,orange
10.689502122002194,10.789640456680845,4.871349867693157,24.77716303174026,100.0,7.299788770622678,150.4696909915217,orange
24.989919553464116,0.0,20.907012108306716,20.98453129318201,99.28334799748455,7.786867108277553,121.41720026825998,orange
2.0460942420242034,0.8178783349020851,20.581955735081085,22.29263194307155,92.63658827953732,7.3794122080818045,127.40807155200808,orange
23.34559774862553,7.913316287795341,7.498652434141142,25.37369647587403,96.42855624854235,6.871349999691105,137.0528078248285,orange
18.451590618442594,1.4833782566560672,3.9282344087732417,19.863777491070703,89.8207198671705,7.616862139168097,89.87262047423728,orange
22.261709132217234,3.4331065437258683,7.9175276698285,18.269876364044244,90.2356941667477,6.903147310097519,123.50719860089238,orange
22.679370959064446,0.0,18.67358595234834,23.430909120665987,93.58714813741989,6.9954088233074305,97.0560638194445,orange
22.613628076984714,14.755884359285824,0.0,21.183717487961715,89.96042423677129,7.128085302847139,139.83277514817814,orange
10.739110224838612,5.02038153182158,5.899727114827599,20.395417229686377,89.2225080391019,7.385401109993985,83.65411261589136,orange
25.13377274183484,0.0,5.5092960284623524,21.811532099346042,100.0,6.862598847623656,54.968913163727045,orange
0.0,10.34029586346681,14.91016684631927,23.92636757288176,93.34056084640793,7.581129798752833,96.51021948157171,orange
30.738926672321902,0.0,2.76041733649547,17.37887581520455,89.80123759464166,6.9768693913668285,112.85253730566299,orange
20.74260023464562,0.7244666918827196,8.478073244694274,18.307659994182757,100.0,6.848186963550999,97.77784702390773,orange
39.067283941328995,0.0,0.9953030877442473,19.511339025394307,91.45702894640415,7.215815814818798,128.49188670294583,orange
50.86394380993963,0.0,14.869884712995336,21.128608282283306,87.30867880888981,6.690113935873061,87.28075822980067,orange
40.214298015241425,18.422973270139025,10.185567828458998,26.853047257461,79.899768277609,6.334647434334537,55.550806695132806,orange
11.60702551852055,11.616985267047529,10.822868623458673,23.24802573317964,80.71154535147134,7.401577371307011,115.99068795597495,orange
28.79665137759198,0.0,12.491926870382319,19.23670428024742,88.82141397958911,7.267182449318192,112.27734015639783,orange
9.781520242648174,10.062731561844183,0.0,26.250802187694887,90.35772784403,7.559274972127663,96.83670782259892,orange
13.717088139121005,2.3581321336215355,17.009391453544602,20.671706528014575,97.15676345932141,6.808773801165355,60.60091750270951,orange
13.156231186562406,0.0,10.2712217894587,19.22877679297653,99.40780080571693,6.954462069823486,105.56010013103153,orange
27.87070565345099,19.639069340758624,9.839209985842787,20.486399101352127,77.80824307110296,6.65697512148241,94.56969383380095,orange
21.284689435907563,6.548531188619728,15.503463776411426,20.961050186187933,91.54367066517646,7.5919937215984445,118.54563034887417,orange
19.279549499737225,3.98055558064823,4.934148826280183,20.248160241144156,87.67194507373681,7.377832919372158,104.45279321769328,orange
3.8027231674252278,27.681692930597833,12.559721529161305,18.57916979846049,88.46520858207342,7.055443191414209,152.61480233243444,orange
6.702650500893569,19.760407193559466,21.195891415778746,20.91403708477629,89.77989104911813,6.481845376313115,104.91347147299238,orange
19.560920307884825,16.596499980823705,18.721467768163574,20.555711806135058,76.26139948619205,6.9893776103618785,117.33843824921601,orange
22.9930122522205,6.733267524909561,10.998016797311475,27.346334425056742,95.05387335170008,6.813315787498458,97.49505457260011,orange
17.961771707867232,26.367399618306397,8.533594323790421,22.740616966437877,88.14149143250958,7.549491678720982,158.99593136861688,orange
25.407356593176658,10.827729037854258,10.294262665393878,15.647079633642765,97.96120691427853,7.067083207997921,120.70855126651813,orange
11.462453670995542,6.155431210229084,6.7118005079746155,25.86486895221912,88.96992130717526,8.0413301610549,120.77156047537594,orange
4.691808080051221,8.714537067480432,4.786599022748675,16.21685259053993,100.0,7.351571271110002,123.33018294748281,orange
21.98484392359645,0.0,6.131062883556506,25.32534232435204,83.59023976173998,5.734115341874594,104.32234980547685,orange
18.298909351669536,11.35563416414709,15.828149148116289,24.712817436693626,94.07015844195138,7.597765694043355,72.02575547966714,orange
26.054981773728684,16.265383633369424,0.0835017113580836,18.291388173952832,86.03246298819519,6.669229278742354,128.83548658756078,orange
12.62553459570686,1.4365148171879607,5.106930106443527,26.155897002462638,92.10434699501562,6.910374487321544,107.24986253247371,orange
35.50472401191827,2.5082827339675813,20.52406632752083,23.431488896764513,90.71664494419721,8.250450248967141,83.6090127550351,orange
15.755770885195927,0.0,17.619695764289354,27.86756680095504,100.0,7.611974376573002,105.05948830510086,orange
15.617108270121841,0.0,26.28698828145434,24.206934234445406,88.06434476104414,7.664028444493484,85.68088708099998,orange
24.87946441067209,8.273708657091653,15.109417119042408,22.609279382441635,80.39257687111021,7.037788186335019,136.22160354688407,orange
19.649403129752177,17.75115121589086,1.635764114607575,22.721217620190444,87.00391635929138,7.373490420052355,110.7872890565499,orange
28.280884116039353,20.87710426157866,15.532948600971107,23.619355302880933,84.01430193190876,6.998606944666549,96.67273994960416,orange
15.871232519549281,6.254658492497491,2.160595401742044,16.927984232598032,86.65485561337786,7.096689725962079,76.29557386431274,orange
20.188186837659494,29.00268424310965,18.184452442017914,27.730624527361588,95.12902301546181,7.583754911493223,91.90088173830532,orange
12.26791679573619,0.0,19.489163792338392,27.42097193945966,87.57458203722184,6.873024146801383,91.15344715772596,orange
24.5918426177299,21.24932545303241,0.0,24.028315591926756,89.78662582624683,7.056697195983345,121.47485004185728,orange
18.741570734726146,132.9641314659422,198.28899865956288,25.910948605364844,95.35007968101998,6.11029176886868,81.22620697269294,apple
16.45704308144215,142.98669160339173,200.3015725849914,24.978594408767414,100.0,6.519303034604408,115.32895844249356,apple
14.868129957651275,108.46450403944101,198.65292062021717,22.021962512549454,95.12292955516301,5.923047386512656,104.99037351408015,apple
0.0,124.60032170849934,203.81320832640446,28.147722893398083,91.21979693003502,6.163905536787062,136.81195392382014,apple
11.269272765597004,137.66814043285441,194.07607914934272,25.594473315473035,93.21122438361387,6.14922590699072,93.43503506453527,apple
29.48438831532942,154.84712921231016,191.93670643657435,21.98072297705743,93.85285979334473,6.393203105997908,99.01134286776328,apple
0.0,147.59189494164025,206.08404895667314,17.771157408540006,87.13944966576355,6.784091214763663,149.19491046144665,apple
32.26368027214734,132.23887566040136,200.6638993505001,22.60722258462162,100.0,5.562078796752445,92.85500862789488,apple
33.12329504203219,133.55638544488437,211.02773884363046,20.985463379058363,91.5617731172894,5.538793507578023,113.18406703558918,apple
3.257436756014414,129.12366579045036,188.50996908057505,25.081769699573776,97.73271471807722,5.134868634757828,146.3471436375143,apple
50.968981517038245,134.4600638673634,194.87108591820285,31.472991773009138,81.44825201357992,6.010053233434549,117.49055681579809,apple
37.14177144542897,137.59738975126788,196.0109288336924,20.14644688883613,89.26542543803092,5.4965363195274275,114.19563299461707,apple
14.229645841674161,119.0596220671025,210.04116630699923,21.50698242971288,81.8549055601975,5.915870432756229,114.70928914919146,apple
0.042399293051595066,137.31647667125762,191.6227394504779,28.133086427572362,96.19168409661388,5.800050004945342,94.37080574206624,apple
19.740387509236513,140.1279074158329,199.7960469713184,22.34852357858943,92.46696232654317,5.698070534381523,104.41985182892405,apple
0.0,143.73726230852367,202.3903822425741,20.679632467899708,100.0,6.043508240196194,87.09641070062008,apple
31.2808490576455,137.98048216509264,203.15663988387377,21.72273318604523,95.60396579022428,5.869120854889453,126.89853629114606,apple
0.0,129.6612653702081,213.77724078246555,20.6987976337991,87.1692936200545,5.7760193307750125,82.62984660278391,apple
0.0,131.69413601476387,201.08687539265327,22.842484794384042,90.8409715044169,6.021520435425193,138.5710367887691,apple
18.714645768849397,128.2591742291273,197.7509961208953,24.738040279270326,100.0,5.685928130415411,115.47334467572209,apple
25.060289303231514,124.07421993271177,200.16333733770335,18.602978427973714,77.84759757008482,6.183373203946129,103.40313146673043,apple
23.42736489145463,133.8210502299165,192.1887996106896,22.86423709410699,82.13518955988116,6.6954861790007,79.10074137850091,apple
18.650576748377024,123.57728411952752,204.56336938688636,22.005705886155493,87.85066624303032,6.426600772525777,113.7357647919388,apple
27.199733351231608,124.18674063482536,188.76146444857994,23.321623886120403,89.44922915604215,6.313217336226972,111.00228868343626,apple
23.46090407081556,117.76617470058757,215.10749551691404,22.507274044903905,97.58069576271359,5.5819541648901865,120.70024755543352,apple
5.365862837703055,138.5206783825967,197.15220732491335,23.0875715118067,97.58379224104078,5.38372984438986,95.88770673468008,apple
26.487891373041187,154.98221474546747,198.89534132270813,24.7734083537718,91.14422824113215,6.9711227973781495,69.31945832586861,apple
22.135452536032297,117.7445596643794,179.94742743570626,23.89238615935345,93.11598236917968,5.8575815311289,110.34514774900617,apple
58.17959320885509,131.41824861968567,204.0809948900006,21.05190554115836,94.36186060032483,5.880883162472191,102.73703793175675,apple
42.8267823864039,145.7718496318434,201.09397317919385,16.0873641921681,89.11192621397944,7.351513782202542,107.2334583340073,apple
34.238610864643896,148.41942401952602,201.7517113268478,20.474535104395542,72.51750134573689,6.342081604304477,92.6310999294113,apple
23.113805422652305,121.50179660410636,197.87809967623838,23.10115716470316,94.14874864835438,5.442588906323793,142.9227737190338,apple
13.837262583216344,117.25530539546754,199.1278126402923,23.10312592707938,93.28471546537408,6.6810662018425395,107.08877908160352,apple
19.564564507574744,122.96815618766907,206.56442802310318,23.55292719223431,88.6397781816467,5.047662653267269,149.1103048763772,apple
6.267840426527314,128.08721990630295,202.866756088608,19.41032621414994,80.05192177397485,4.938026208649667,131.0249238226409,apple
14.457765063284137,163.2727009247333,192.045159474953,20.235646929713237,87.47685623771679,6.121567327569244,101.24491653036722,apple
28.347986568030144,124.21411610011346,188.94726625229134,17.60535578177268,74.21140665650242,5.740965490262472,105.47549219016945,apple
13.4227556702018,146.43405797187162,209.82424167686509,21.995591037666493,77.64863109446429,5.716647445972473,98.00446515207346,apple
13.114380452663305,127.02281096101756,194.77229683420154,21.84037515230672,86.91567120947555,6.104161254312796,122.00921789762153,apple
10.072258953810122,146.71065326007033,192.15950158527508,18.14659815855399,95.04622457092042,5.59129593279283,121.0322867689347,apple
0.0,147.92455941483067,205.37834726432322,18.498570352510995,80.16978300922972,6.8361329520487635,94.56550241255104,apple
10.989781815208515,111.33947905850718,197.19377435518757,22.316841155492742,97.72394477415588,5.300460785907762,74.99283019398476,apple
26.411551617317723,144.06730071227065,187.43078119105692,26.244542258899223,92.30033473189457,6.545902669537323,111.24449096205959,apple
0.0,132.4803261768396,208.48115054937017,20.318761942748857,88.89628024874038,5.911933248224511,40.51215300328795,apple
41.056170905249715,124.98624320102826,204.0458834597824,22.739896591555375,100.0,6.203028061214041,107.12689321197564,apple
10.277818889768637,141.9785070138214,185.01246956836306,24.937671260827678,83.20764198756102,6.6261418309783195,117.03248856656738,apple
28.729485214201304,134.8198881382472,185.98098323887203,20.417812509813984,97.37911470089107,6.083327908679922,142.5247476326418,apple
25.839294756446062,124.3329810929734,193.63148689823493,23.30875217156971,73.48764747199915,6.836720942811493,124.04366840943894,apple
35.72441516458647,118.19396059190831,209.95652128284203,29.694496733083245,81.43297315698146,6.385700897451883,113.02774861718233,apple
2.4667938210210707,138.9288397185187,206.6688256386988,21.19662034199346,100.0,5.166618296605401,75.6310963387589,apple
22.63916874706503,134.2538527797227,194.26741209260715,25.42878330791566,96.2471545137276,6.429069535467008,109.9215891161933,apple
28.23096321574009,129.54349696970004,216.43054952069275,20.562362689634043,100.0,6.0174439735447045,78.61222776078142,apple
37.41695220586321,135.2590138839496,206.80899278704192,26.67156775562778,94.7036444331602,5.703879577593593,137.39283444173125,apple
21.009066089455146,140.8585781860842,182.77015540966832,24.340945151029555,86.89131339883976,6.826654818589265,128.57718369722738,apple
23.878292950191558,138.8630999335022,192.01247317698625,27.869770071584163,100.0,6.1964567552741086,152.76008921434095,apple
14.170221615929593,126.02886433775019,200.32739798983138,24.304823115103694,88.84810655005504,6.268884095184242,120.65973705183535,apple
9.02031869650734,139.18793017451722,206.90822594017217,23.514407952771172,100.0,5.391298103251524,124.6987605532963,apple
6.956631523238702,122.85918641766912,194.9525533300977,20.173819449277264,87.6160334500709,5.892924844644406,133.9288621582846,apple
17.14609153553157,118.14374293230408,209.12054277196128,20.48872959915488,91.53023658316297,6.223268253470356,117.99026046006956,apple
34.1301545702577,138.7900314339276,193.10952336242315,29.535686521974988,93.55466770670587,5.926329886689247,137.09813557638927,apple
23.993411351160866,137.99228192939327,219.9374719888055,22.17463571523486,89.45791284786084,6.058289256006232,139.78789838952596,apple
2.92159163771521,114.34444108523495,195.3030778350388,18.09823112282214,88.6013492197949,6.251249848064645,90.73127841119341,apple
3.878081078623893,134.69337161715347,206.90034787692136,17.915079684450163,98.56185918644788,6.408653101869163,136.8521275539157,apple
35.621762578460235,156.02013924659616,197.15126361104757,23.328714740233575,88.6684925340158,6.0009884223779055,151.32183389090778,apple
4.859826192831974,125.38950327834425,211.0174474920365,26.06010952070627,89.09494682546338,6.42720100056036,121.53039606230084,apple
39.00329530801186,134.74509593826772,208.20505691098066,30.92603573147786,96.78479324037973,6.024664082897422,131.06117463052448,apple
16.616629701553382,157.87967705524733,201.44056830156785,22.18120003932346,85.31448795983971,6.54861009580322,134.67968532069347,apple
15.031747543030882,139.76451345122422,187.93155225429715,23.55491172521947,95.62205081661355,6.853664904779611,93.72952993178276,apple
5.659768454372108,125.04572039074958,189.30745199748065,27.00997207327695,100.0,6.160108288974414,143.5323736421287,apple
22.607500566962823,133.04888352299233,197.3356990475699,22.068827025867304,79.61758754952776,6.132127381803669,111.9916522446489,apple
29.94432868893451,134.9352349643861,198.69837038744726,20.386420909977108,92.57722589457408,6.369118615408081,84.41652522290349,apple
22.04968504416887,136.33042951529484,194.2554817310539,21.236431085276,93.84488679012972,5.433289490853689,121.74809288123481,apple
10.255747516089599,144.62853693033216,218.7026219631064,20.417729594894542,96.2736628989974,5.636629047558991,139.02385434494474,apple
5.816899090977419,138.80586758427714,193.01608826488518,22.379046232704894,83.75179779882154,6.411175235447876,92.07549113901032,apple
27.62357111198193,130.55901971737666,199.0842210256091,23.443267722200385,85.90540262672921,6.105183556770443,151.2583641088603,apple
11.662862570007428,145.71810143273845,211.98478106790228,20.55153503291587,80.35956315927558,6.150980450085882,99.31481193082817,apple
43.42323862995603,134.34807540499833,193.58240473571857,19.558521466964866,100.0,5.7144080129579065,114.0957199865107,apple
32.46963294134977,129.1574164806917,199.63256937007873,22.95029477053244,97.46659609212874,6.295372167755163,107.49715671862928,apple
21.763788737958212,130.2822098847651,188.17910074464444,23.772802572194387,100.0,5.558140429654468,93.67425725993243,apple
10.551266740275103,141.24591778723124,203.58788363357152,22.52438692275063,84.65584750688828,6.0461883958199625,73.88444681660489,apple
22.72111880228992,142.71524386087935,189.9904069069306,18.402445169511008,100.0,5.694120180247707,141.39869614859555,apple
19.15202801762602,132.38045183058674,203.50730159597316,20.348003429760677,93.05997714796517,5.809255292587953,79.98766391487422,apple
25.049784896716787,131.36692193122084,198.74380137244233,19.369517169757525,100.0,6.4383570931930585,137.10389710429948,apple
17.334663570699817,116.7081711049658,215.62333905991608,22.816707475982394,86.00960163183957,6.2084007872415565,142.17801970008244,apple
20.723393326974406,146.78575167939374,208.66399950813494,19.770856437793825,86.60967915472419,6.4787685816398835,45.184685904739055,apple
19.206531682020135,119.69168798375328,196.1875695885318,22.103539732912388,89.13404497673994,5.723869373943696,85.57140875927965,apple
48.50293520182423,152.6746200416135,190.70347343794973,27.746350253910702,88.80427607621718,6.064593736665855,111.4181510025771,apple
13.08301630495241,143.83852343606148,201.00709224461326,21.570345730342275,81.56328444959622,5.553202493140439,71.96549710994758,apple
21.146682580982034,122.03334407715604,197.87551589985168,27.11030556083111,100.0,5.983861552948691,110.82288184642125,apple
43.558494593052096,139.20756120358712,197.3775483209878,18.721945648638645,95.15098574531794,6.414661886291431,97.2087118871589,apple
24.49443306165639,130.36426705084972,198.527740806408,15.536533827313006,90.22574877027091,6.484684651204027,97.21493611083605,apple
21.630316418583796,126.44049293308079,202.88353341034218,22.350430407391478,84.48606767454395,6.666275733832564,136.22330033830536,apple
13.741118832861902,138.97788309417777,204.29929602256306,24.926903705033528,78.44595283203938,6.503303270516314,98.75752592685672,apple
16.706064798704798,160.378817522602,202.4149870457681,21.841032573658474,74.35764501795275,6.694882066973178,79.36975822978494,apple
8.958733158005959,130.68647700912152,211.33129433360233,25.31971995999728,90.73729992127792,6.15414603181941,97.99035767822235,apple
22.67584427478421,134.73336744778138,207.75015916545084,25.90153436731685,95.95181905764515,5.818826221226949,131.54555735975316,apple
19.89637840556344,123.18085631286867,196.7736976647125,23.253580951352973,99.28172626931796,5.908235913921423,82.77003221900985,apple
21.680900199561833,135.13456040056553,201.48670103122203,25.75961454786329,100.0,5.702894563809167,97.59641354877641,apple
8.517615468534323,140.98815670280476,211.59056086670174,22.05475421627323,90.06855548220005,6.7333912784494885,125.63894633037519,apple
26.23482845761266,122.09083494026274,205.42982455423535,20.212590978470725,82.92783851252034,5.8266142116166435,98.35518191378274,apple
97.34080366737953,3.5901836547508132,57.67053045174138,32.083058883549285,76.42126020687348,6.889228902833276,10.0,muskmelon
110.28370644379343,17.315535073335845,50.23020451264799,28.144707051736344,100.0,5.780205993737487,39.19600846837521,muskmelon
113.2159619786746,25.163400805404105,68.59759131458733,27.1131597118259,99.65843858074825,6.34695468232929,54.83515190881674,muskmelon
99.90773205134357,14.121242181375305,60.448577630973034,27.225314182943208,80.69819392879555,6.141576558413086,39.47582366471331,muskmelon
116.7044650190451,19.11129375296512,60.5455765378722,24.62547523556722,88.45389228145677,6.25571244142295,21.136014313187008,muskmelon
101.00913265900236,24.909109573921928,46.44154529463608,29.117086060859375,91.63901687740758,5.937055048054425,21.158332772964116,muskmelon
98.27608564123459,16.34919434996954,50.25407565265161,28.927020621840157,88.54163856714136,7.036357366985633,10.0,muskmelon
91.34835869836124,45.79963624223556,41.69606916008616,24.638735975870723,97.87581396000974,5.361440073113063,18.11815225068903,muskmelon
125.74989910091786,2.5506407784659952,34.1442841140903,24.202456394126905,99.18687654677589,6.962388359992906,11.18528007553728,muskmelon
108.19854884801282,31.902553275119896,64.2987713154386,27.960994156460455,73.5882262586401,5.989560538795157,13.32989512661856,muskmelon
96.89273444105932,16.121405989912805,58.951156783445356,32.523285280062744,90.62661076860174,6.94924243802591,32.941534165777234,muskmelon
100.77407167435086,27.06544157109964,50.578016385903325,34.87343353129329,80.49271066564353,6.142414550453991,20.837027576151243,muskmelon
105.27343228549589,30.67960487103089,49.80481146211075,24.433311051481375,98.74011117164004,6.7774793830709825,10.0,muskmelon
99.95435039595041,2.098581693197021,44.6827912199835,25.9915732191116,98.47411758593589,6.458415087086093,10.0,muskmelon
110.56079155548811,3.6619417607158553,52.64091032376755,26.25796799212533,89.07458333975585,6.652135374019192,37.036234976488224,muskmelon
116.04362888267153,17.177463003285467,52.451606903706725,27.386788032787024,93.45591906098238,6.619743024004256,21.5422538136406,muskmelon
78.35499419089004,21.314708963308952,52.91649181884365,26.659479570956147,81.72490371141988,7.137939575251983,36.28613777236005,muskmelon
97.25102762893948,6.629671168525126,43.425481372629235,32.60777119035869,93.10129552694437,6.124706466499647,36.7422307806164,muskmelon
90.22722175064412,33.00843030280379,60.8224042791738,27.300277786391668,86.97063802375311,5.09093340065386,10.0,muskmelon
83.92636270050693,19.35190340987386,47.39013036446912,24.663993537754273,89.75068766028355,6.652668573823675,37.19598374788968,muskmelon
77.20395662969342,16.71736519516169,38.93327378422712,31.40518609142082,98.27317133082799,5.950986386837771,10.0,muskmelon
94.46479539402031,0.0,52.687745387524615,27.88146636097961,99.76140066054288,5.850795391018724,10.0,muskmelon
81.92169690353062,7.957094365057468,40.54414403145425,31.687921036539336,86.41390520998885,6.462087842372307,14.48091490345489,muskmelon
84.76641680784624,16.316995768283572,54.79282665490876,25.076721822369944,98.47290232585102,5.975139539261153,11.925401848178982,muskmelon
106.36819747612057,11.36563842780512,50.300598874686926,27.755927513635722,93.03494405363055,5.2096304472382515,10.0,muskmelon
107.39160407256206,28.371814056490503,42.71610637174783,27.967914943486598,94.35775402321842,6.746608800829352,10.0,muskmelon
89.36751703625947,14.67420620150125,55.62512157788839,36.195291451164486,90.17595418552226,5.696511268948006,34.05670193003245,muskmelon
115.85194947448852,19.08014120979501,42.74681163876566,31.573981824440057,97.30836494798749,5.886959577902188,33.53564043835855,muskmelon
111.96718681190647,29.818900425588936,49.468408197524354,27.625761661462043,100.0,5.794919748509558,34.96448227302513,muskmelon
83.55968047162685,28.653762722596028,47.935635875110705,32.50574970694241,95.93130205084421,5.788389884969035,59.61569330193108,muskmelon
118.61494319713276,26.822864925992157,43.90729707971024,27.781958136927773,93.16341773924607,6.048144800334284,66.30866431158012,muskmelon
101.73191766071244,0.0,52.71484650204976,27.65552780954806,91.40058755105241,6.215690317107151,44.17616041516718,muskmelon
113.43625334264057,20.830531622586538,47.28551050289473,28.57598838557249,92.15679693262102,5.998784980067582,38.47321621428087,muskmelon
105.52050788632559,33.404412397766734,60.042798242307796,26.642975247229607,98.56238699607172,5.924523308452764,41.39830252352124,muskmelon
93.8006296148787,7.767467766244156,52.24036274157923,20.676298615537576,77.99219540475818,6.3112540581128584,26.06104416587106,muskmelon
95.56817475810173,2.2056370128240133,43.45686526289195,29.873627981712183,96.6542541650269,6.391888441202029,52.92084452592472,muskmelon
104.76876428151081,10.525443460417877,47.75598357270706,24.491401528376436,91.13488807686866,6.95605030961067,41.1322521177742,muskmelon
116.82411191102946,14.971147562010069,60.76879835611406,28.12008732065609,100.0,6.389071626278938,41.680784345106915,muskmelon
117.70134837171827,16.065723714187943,51.747111900353396,32.56659027561891,90.9359746885595,5.73955385874692,77.57517636462275,muskmelon
94.36282642795436,19.58756050937543,59.24805335560902,26.874518288806392,83.93705669422296,6.526868648387417,10.0,muskmelon
96.54512707758495,20.450386643154058,47.84038482539869,24.069647170442757,100.0,6.451769076974588,59.77880294404353,muskmelon
96.87956499783466,9.199880183092361,52.15344736204128,28.05263862101534,82.57790833606913,7.134892129393748,10.0,muskmelon
77.91680338245318,31.281660539573327,45.96561587349901,26.876528322153128,77.87689930376021,7.270470743298496,10.0,muskmelon
100.7013937684678,27.126203225404403,53.373735464024776,28.521037064023425,78.38667313370067,5.995137582116358,28.69500845106305,muskmelon
90.55391116015605,20.033594599987676,55.453947270521134,31.587508657400306,82.19056513749854,7.498323027489477,43.186983613853265,muskmelon
99.97943015597123,28.895365830766405,68.92326217599978,24.38383969682939,90.19789886006917,5.210784170063336,28.816288316200616,muskmelon
104.38473090310168,17.608378845572407,44.76373143201352,22.551456451435023,94.98826946729415,7.127717241957663,10.0,muskmelon
105.28071914827774,2.3185568657994935,53.65770450954011,27.51985310676603,85.90065639517668,6.019818179391935,14.159710449174751,muskmelon
104.58919978831042,4.878367988044822,46.82307734745718,28.575584666002555,83.20768620374513,7.298332600837509,10.0,muskmelon
91.96675703639812,8.216920501775022,64.38784069710493,30.358715685798444,84.50726395005086,6.953115779429985,29.017467357221957,muskmelon
103.08704105333803,14.555227912475473,44.004672104344216,29.713298297163803,87.63930216003527,7.308377814787553,10.0,muskmelon
118.43388127425933,16.886811512021993,52.39268587216885,31.199473299888304,86.95800563996451,6.832124192349319,10.0,muskmelon
91.36012560133673,8.759371926589345,39.9719519010259,28.055135485763145,95.08599974545356,6.751329999249653,30.02191893001019,muskmelon
92.01167842127744,21.690164378251673,50.99428555880681,31.508168503808047,98.21549362345213,6.415238206960315,10.0,muskmelon
92.16459813001504,12.502106403619667,47.477869328669954,29.50415128276926,97.72139512102447,6.374440653492312,24.403119697511812,muskmelon
101.71967566000005,12.8409468686766,42.59686193885635,23.43368630806787,86.43880513538502,6.636572726633894,10.0,muskmelon
97.14631555088873,22.66431287412317,54.16551597138135,25.46140144350188,99.97647485162913,6.963675044677743,10.0,muskmelon
90.11395756430615,29.910906831461915,48.82517182995759,22.040666157644445,80.8025479621385,6.27531518741376,10.0,muskmelon
95.0389147523627,18.32396213683579,61.69803683227783,27.828638251316633,100.0,7.1143800810183855,59.8577417338019,muskmelon
103.41705512062681,0.0,53.686598923230925,31.845199663440624,91.35146315651666,7.272291935037624,45.49583903668645,muskmelon
106.8192805258334,28.863807112058378,52.666958810087024,21.22156850181394,88.00688838823707,6.998584013623927,10.0,muskmelon
97.31832993715673,7.551636860969289,64.27138076161415,33.744477372254046,84.92904883887417,6.473649000194542,10.0,muskmelon
107.37933566837654,23.09683077242329,56.49364457290612,29.69575534312366,100.0,5.886038117494631,10.0,muskmelon
95.28291759158246,2.3201173443973246,38.06030183995206,25.6960560374061,84.62248875654699,5.92269094902497,36.95547376113529,muskmelon
93.92573126697597,16.204854251275197,57.15386219600748,26.40103242565572,89.88363281036223,6.5828799930464585,10.0,muskmelon
71.38113389259301,21.46117328797723,53.93611424453519,34.89266040455723,93.26475900693448,6.809869858629048,19.113183910350656,muskmelon
103.56672665902104,34.67256841749534,33.00805745499491,29.94084877271504,100.0,6.541017109604671,65.2643240808212,muskmelon
92.44945420564669,17.679525058362866,50.2681976191087,22.04722676192369,82.6545773771984,5.851562460308007,44.55165195081318,muskmelon
110.46583726820866,21.240364427065334,56.59282317484565,28.207551761834676,100.0,6.4043942213160365,25.44660118566891,muskmelon
96.81288840085107,24.84450477636428,46.6304094670967,31.629294131594204,82.94280687427195,5.850541872635904,41.1856688781626,muskmelon
98.93746942500385,13.461085838468716,57.120461859803676,26.878215757741746,90.39838996559705,7.09961397503558,62.47855864526626,muskmelon
118.86877852324392,15.178742230660887,59.84562323987576,25.853141516693967,84.74477700222351,5.22477207368782,65.82170504746324,muskmelon
89.63224181108706,16.7346742025294,42.71740526457373,30.78549574499042,88.99493071426127,5.747591554783526,35.04156410465151,muskmelon
82.79523970227726,9.625942746845087,33.14488708299135,24.42812566340718,93.42823335776383,5.417731980948538,10.0,muskmelon
99.9715730064063,12.563931039069473,65.93629308767447,34.20168963807313,85.05662029799078,6.6785688092017415,42.73206392198628,muskmelon
92.83025370370716,3.044584635017962,49.90161240553554,28.181462975557668,88.51388402423504,6.621158434082243,10.0,muskmelon
86.17602942905029,19.09082970349832,53.087760740551005,25.17006516829984,99.42472488792865,5.514759431111961,10.0,muskmelon
96.9038975656287,11.637762873480703,45.47951621159046,34.31322344692434,85.1929272876888,7.620610861235957,34.9281694932763,muskmelon
101.10466164774391,22.762403533876657,70.23942199401561,25.719220988205656,83.03665664850888,6.02256690171404,24.80357867411402,muskmelon
79.29074650224912,18.22339239318608,63.548377067309374,29.15422217187433,89.65851632819779,6.090919775658187,46.46279261378911,muskmelon
90.09000672114342,36.46395920599248,65.46687798171486,29.470252395985362,91.90787929538683,6.91532990412078,51.36996255568313,muskmelon
90.32809922728701,12.73444866863298,39.42122052253364,29.92719481500217,97.33302306765512,5.725037181069364,12.620027379596022,muskmelon
83.83295298902381,9.012001897561625,54.408136481810395,26.49955379996516,89.59339235174161,5.586344136026343,28.674755243116607,muskmelon
99.46872016186421,10.710407499668378,48.487885618540204,29.240884641510334,85.48105480872525,5.661868727999111,69.13936081717038,muskmelon
92.40072754347673,17.03239896813111,58.08671788016251,39.28716556271145,82.04410840088907,6.624913606863255,10.0,muskmelon
93.53451634507947,10.7978797899321,40.99476025759532,28.576125914646013,80.20397850361411,6.873403783255935,25.375073400834367,muskmelon
105.06921967481728,13.33811388053777,47.06236852630602,29.562691715501984,82.6875949407534,6.221004782793332,10.0,muskmelon
89.31317427290783,0.0,60.71461271584,26.64038374053869,100.0,6.934396160697147,10.0,muskmelon
86.93906517192585,43.605029593556836,64.00740753541714,28.605444460015686,94.05898485133879,6.084576798526406,34.8088178550085,muskmelon
91.39381719133034,0.0,39.42755370791159,28.76327824355176,82.9514621159793,6.366361267543233,10.0,muskmelon
90.61175292997608,26.531653064131916,51.979844381120834,28.671006736059958,99.0317117845652,6.640304296673674,60.16408228128419,muskmelon
94.48168885221831,13.703650214724913,39.59112586886924,27.41305784788274,99.71815915441957,7.049993686131067,48.0076292021667,muskmelon
78.46969760140676,28.831452126607346,35.29185101382343,31.39435197236704,89.05772378743156,6.751266656966928,10.0,muskmelon
114.05401159247376,3.3502525389511106,44.65236071317458,25.705716116692894,77.96572117742001,6.447263783794234,69.15222794592404,muskmelon
132.0028626678401,18.971557870862476,58.93345020054018,29.39628391378561,95.9910655581457,6.228925674436381,28.876923135565054,muskmelon
106.44974445527714,12.215402711236687,49.3800456008561,28.524709643007533,98.6112265386442,5.86698391418616,22.711444784808712,muskmelon
122.94406562863237,29.640601525859374,60.79343239110964,28.773295520534102,94.56798050948818,6.901118083351463,63.006388238273274,muskmelon
76.58076504540536,4.845586929501543,60.475552811221185,27.869331932693587,86.62623368593538,5.772919506502198,10.124582461397264,muskmelon
83.1715685989141,38.910942727324766,49.82051158415541,28.52614837471185,96.70461340134266,6.881172584633285,47.64720391386598,muskmelon
112.88346332689086,11.691544492091436,47.61706556034511,31.007094966326825,87.78088750688303,6.397446683986388,33.969094110620354,muskmelon
109.42222098772451,0.223190376297989,55.71796519911156,24.898827826444826,90.65966168691504,6.888465846177414,90.19787652797893,watermelon
116.24144377145444,31.46571662610296,61.54936255332991,26.47413695444784,85.25748069629472,6.936408541589167,68.30202378582555,watermelon
96.29120515914087,22.04823408808268,49.719228265723245,23.038201274619833,95.3236859310108,6.527599621265044,101.21770644247127,watermelon
80.494092757602,12.432212271566337,50.26111069352697,29.012143292886744,88.19575498081748,6.655236377090375,21.81840518614632,watermelon
86.11670323324634,21.22504660289905,39.08715204945313,24.004366749132014,89.00733863268687,6.008837863861612,90.13389905904516,watermelon
114.68723613085469,2.285800016616996,42.5410300545441,18.742668266515153,78.73926909961493,6.883194238286199,39.652626443128575,watermelon
105.52956692339161,2.776656817182559,56.38380203665524,23.93467231621495,85.09735745826325,6.453562749303473,18.211286977692904,watermelon
86.16298801912261,27.67794469003426,53.19193726001357,28.75014712466028,87.59726588402015,6.571495317404608,10.0,watermelon
96.75559963886596,17.72615679596256,65.6248575861806,27.660869896296035,97.28848945367622,6.798768852947364,32.21741932626301,watermelon
101.40549059379822,20.36223646264233,42.486755441834546,24.446837870221238,83.35386405058263,7.302809916282559,10.0,watermelon
114.46982104859252,8.632047650406172,39.023366501843086,29.139826390115395,90.85518455387505,7.127259351190595,70.01754868863942,watermelon
124.71814002084882,23.587238369444854,48.748180991014735,26.62877913196403,94.94775302676771,6.110312337369941,33.70278543671548,watermelon
96.29247982482511,0.0,51.104627267340376,19.941613888146925,85.42447450346096,6.932644878067625,38.07808848390411,watermelon
120.12539044224245,3.394991005815122,59.53008545305466,27.625411169220765,71.27173401351449,7.855397149520266,48.40636786240085,watermelon
89.47019173413241,3.9291280521598306,48.23985577872261,25.217779382830123,85.82116422831731,6.35110192188802,65.83063275287734,watermelon
95.34844200804105,0.0,48.80510803480287,18.497567039880167,87.83016504713112,6.010349884858682,54.08400887289501,watermelon
115.76889977829525,8.512513047319999,58.49005006809694,24.29983129994154,99.02555841652469,6.317423693400893,28.987675362332716,watermelon
108.24686140474346,13.64210270376364,43.26840388696793,24.166480447888627,84.64314774253599,7.171090065622427,10.0,watermelon
100.27696790740505,24.24903594654043,51.54758859993437,29.529595508300602,84.40523736193181,6.407724278907027,64.80823867533358,watermelon
101.1917657794162,14.095912617195289,54.129152316691034,23.642415120350066,80.11058278384539,6.2360029891171935,83.82672900416019,watermelon
61.34780372817144,21.95598834762942,50.27417451360178,20.55738862228564,87.47781423308801,6.737875995915766,64.740980783935,watermelon
68.17806324346061,31.663894118544384,44.09810636252127,27.65970324025953,90.92859024545828,6.0616514571903535,66.51149880878876,watermelon
95.3740811090517,0.0,59.341935404222234,23.274865110951282,78.16405229809557,6.298467065981639,56.805918133184704,watermelon
99.31275507013477,23.480669247071702,39.28408506777073,23.3728408887078,84.07202342142773,7.448943646329353,47.15468653965605,watermelon
113.02266716393957,18.385551687843176,46.13073090049945,24.85982672765668,83.65264230376896,6.801822869480369,84.36528168941386,watermelon
104.31617017223586,29.870776787417554,42.28168209896251,24.35610847355791,79.20557972633867,6.6572222954374265,41.02604037051466,watermelon
108.75727524441035,8.689982883675585,50.34424778657025,27.66057373303677,68.47757779967512,7.560815653665101,42.92120287800311,watermelon
75.69952103588592,19.58093898576786,50.26754774378521,25.354316861282523,92.92952890341333,6.873722485713528,57.44690477559613,watermelon
105.40186760735978,16.956415505619134,64.20392679392039,21.162411944926703,86.11721339372717,6.53251231559439,70.33201015161482,watermelon
89.8737534709012,0.5632739760346404,51.254584128785545,26.443691476655815,96.9167952755812,5.864818976837457,78.867344167918,watermelon
128.40897236832546,14.22235112477523,39.67246224405421,24.379076900879888,85.11203973897105,6.781893937503457,35.21513175404881,watermelon
118.6623824097681,6.854676849919382,36.0863587826176,28.920131272861955,66.8030317503504,6.397935115563642,127.94202823020119,watermelon
99.85547736448082,6.792323493037504,49.54082028970565,25.447597634141403,86.28519952282494,6.83113149107981,24.02222079080652,watermelon
120.25057666284152,20.451142843726178,55.81435237121443,23.715551800733074,95.29105709596426,6.3714737955934675,56.93881283733829,watermelon
88.80272707375468,8.030683735978732,55.50564245162306,24.269179509377842,78.16941529996498,6.178408328986484,67.47382679293553,watermelon
92.45154566555667,16.823450683978358,50.12022200229678,19.847953341969102,73.23098875701186,6.668138944623781,31.574265971182573,watermelon
112.68069893536503,27.668071042505446,55.7533493308435,31.059315361937795,84.33528537805454,6.824440962951919,35.38997558509922,watermelon
129.42843895442468,37.83633652436019,50.09504347614234,26.75975868971558,95.87438079491845,6.426430247592947,33.58439823000738,watermelon
110.48787701208259,18.784392460836703,51.463955597162084,23.097185970796104,71.25862281309283,6.61807120493955,72.624051037355,watermelon
97.2903190110875,32.36429519558867,44.36866939667564,22.435886635102243,84.46215754243094,6.458703712324355,69.24921828338057,watermelon
90.70044611123218,31.68094236814898,65.73533570006603,25.482567919094976,94.99768336147454,5.97175146468737,76.88053852954789,watermelon
112.56731690271354,26.634372801898785,49.87549528903765,16.73725317627391,79.86618285078296,6.187041991157699,25.543626548488067,watermelon
101.46691605456479,13.810365544787654,43.403103921879826,22.423599555256544,79.27589611611818,7.060749605924964,33.47437363431264,watermelon
93.82073552280073,13.433023849767537,52.711948110475355,26.9687484655856,60.642747686054705,7.010817606913804,85.90920085609385,watermelon
87.39776155165997,8.277017552651653,46.397972897773826,23.33198794163019,86.79141499157285,5.5267373568205675,22.051809799081507,watermelon
118.47036640209889,8.717800326519821,59.9474262248234,26.666014586770412,70.52585828329393,6.817664597608103,47.058317445178666,watermelon
94.53439532500312,20.44957093172004,53.797067884534336,27.72277546592386,94.42602278038402,6.704067956389178,15.609147780340955,watermelon
94.31625450818571,47.43048335268621,55.79592848305382,32.707861902434495,96.16347265759349,6.620901035777874,57.53517674452794,watermelon
99.56103952147785,0.6219538415350065,50.144378019745794,29.23202365762659,80.20288004143038,6.705976499530904,71.28977614732993,watermelon
89.0838347282503,13.486971356563354,41.85670807618273,23.13350317993178,74.69915773077551,6.049775769310987,85.48639201994598,watermelon
89.01427565091649,19.2645921906069,45.97704997063235,29.136597811110818,95.48929837282893,6.932034991069473,57.65336382756888,watermelon
97.22728555790921,6.081252958087502,65.54823104897758,23.320980946742342,90.30917077626273,7.029782786311698,36.11798757736676,watermelon
112.45615032779155,25.642132033388553,63.823710683054124,24.191960600719867,74.71308786176228,6.247255122277744,55.221338563358294,watermelon
100.69855272502068,14.065621037254495,34.72642032818206,27.011448988387322,100.0,6.7321256190615015,65.22838797633784,watermelon
106.86934367386122,21.970466698823998,57.45332773494476,26.786121043557,82.4985826427738,6.102005544995623,43.77565861798312,watermelon
103.769553957408,14.839170388770267,52.514709465051446,26.917450401101256,91.66543545016145,7.14139748441949,51.95018546197144,watermelon
84.30668121822808,14.5489590318081,50.352500539252794,20.09269373146873,96.10931616081986,6.5711889562552335,59.53382086450712,watermelon
116.3863175503152,11.698571698576531,54.592335447072244,25.270407630694194,83.52730506387265,6.11390380609781,91.64008034216317,watermelon
95.49399951909315,24.99464246895702,34.99994090022451,29.139965589069362,93.41768924765647,6.548717055148652,44.32643834655189,watermelon
104.8000000673628,40.88790660880289,35.89410640877212,27.946082162722384,77.70706158276877,6.490040801850134,43.80299702303343,watermelon
94.86018090642693,17.895348709472707,40.92663083777768,28.687541308383903,70.6468519104112,6.769882256414171,41.836603686635726,watermelon
85.94890127431056,20.023833705986952,37.544391306348174,25.719141465158906,73.61698473750756,6.730636042158916,26.89106665924061,watermelon
94.58807179564829,20.939493879431623,43.819663105262116,25.426108000995093,72.88935599004117,6.815437801798078,94.12284513876929,watermelon
133.50650641491953,18.91168146666439,56.305633126377494,20.258122981277534,97.02187461044471,6.888114252362053,37.901663876219175,watermelon
114.84616960346811,15.455239233546585,46.33579853588355,27.026004776282477,76.49316400135746,7.010812382199974,23.600254701828916,watermelon
87.39934252212177,8.903102115916656,56.076000300128975,23.74967391544088,74.21603372506264,6.197160000032101,49.19894073298783,watermelon
85.82833019602737,6.483188909656565,66.89037067279668,23.01830378855834,82.41566104981595,6.316381499600357,39.46607980573896,watermelon
107.45616087962922,27.481429504720495,47.55236454774726,21.890565140222954,95.19552182279122,6.452329454401658,93.25804537142922,watermelon
73.05296922921805,19.9540322128332,65.34885067100966,24.540207593685526,83.1960526133229,6.647755845795169,36.03010452787606,watermelon
96.25513681536721,14.621849058085969,44.98063412458902,29.28656965060168,88.68862425837148,6.625314116051651,70.21427517225291,watermelon
96.8277300015584,10.257961816470996,45.17900556308354,25.60534912331383,76.52630633301678,6.249869491706662,37.09708395321413,watermelon
125.49467475794816,0.0,48.56304222875493,30.777081378444315,85.97475571305964,6.876708736710547,52.495657877494196,watermelon
91.99199942540224,0.0,51.643645496290425,23.27318018619283,78.59731675067756,6.250506372010444,93.62153516558735,watermelon
128.85805050704766,20.17207937528401,46.28186220870618,22.06832074764637,88.74832129236856,7.391452800032572,43.81649032437108,watermelon
71.45204751096131,24.700496718155236,57.883197691600394,20.84246307884246,86.41187346930363,6.725613008068049,48.172317449776536,watermelon
90.51074897097575,28.159372235635562,46.77296203225054,21.144441511900204,68.60420411464256,7.130424759999655,65.41659941177795,watermelon
101.05568256555003,13.597253631491965,45.76801268637499,22.372790054675168,81.54835484352093,5.439956392439913,31.598408663287145,watermelon
96.26874980378687,24.09880047190419,49.68058829301309,27.984769341626677,95.79308084090744,7.0290850469120505,61.76274618446392,watermelon
100.14235215016942,8.192119915864408,55.91955241103453,30.63924214666459,87.73684831720334,7.458629574213061,11.860707298472903,watermelon
86.1500393826455,26.552015077482626,52.11432168122601,29.541346529715426,84.87622687418609,6.066012288735834,44.66016894487394,watermelon
81.60779234891518,6.714093269029654,57.77955198334408,28.21836224340883,87.90403427844862,5.639461239519766,41.039910612177785,watermelon
85.30000133607939,29.765332537877654,45.33022293149919,22.342756867655353,85.2383693209714,6.179922771582694,87.09359775509267,watermelon
91.1822692295897,4.007717407753688,32.776691873939875,25.507640492759755,80.50455908913659,5.785547696744136,79.73066153139463,watermelon
108.0069417691509,17.7178212106277,60.914609953366934,27.58760810019584,78.41715278785254,5.980389918004617,70.44953861134654,watermelon
104.75640347760822,19.697477679706616,43.22801757704874,27.423842701017264,78.9560089349284,6.449006672703161,86.1736036596745,watermelon
92.06998917027825,2.270107429271391,41.579622465039115,28.58289648006287,87.03784909904168,6.435561310655623,37.27265486721076,watermelon
105.82431889063828,9.508951490097765,52.445324549140764,23.40623629356113,77.81872491779957,6.181256282587494,40.614813837900954,watermelon
99.41404196879556,20.354557951111143,20.493077668572447,23.177048326759706,81.8674401811517,7.252531019304165,22.999934790446698,watermelon
101.95355941719895,32.95030309735837,39.49625176042181,26.781925677593208,78.58182532852383,6.247683128855383,29.922229151167137,watermelon
91.21771229900936,45.21912147906493,56.755646976573324,28.905213585358627,88.93594789469196,5.696871605799021,59.873949258082675,watermelon
112.87515537408817,9.466005259608886,57.72261333728901,27.71300862956224,99.81632035850936,6.291108493743191,22.55972544310683,watermelon
95.66046268752945,32.355709931636234,35.372752953264296,19.394872853706904,85.71516223145291,6.278705353612922,50.19319732939211,watermelon
111.34374125483038,12.474306538811476,35.01595335255504,31.733444671599834,77.02217370048979,5.970481438993951,77.59300034306492,watermelon
95.38613054750178,17.366101479651892,53.862320992482545,28.850749309329988,82.33231445454582,7.259976002957149,10.0,watermelon
109.11744684343692,9.604724419823427,60.97817053286393,26.026133436491637,79.61675734392479,6.831420546510817,72.32970868018128,watermelon
107.70272947430365,7.7030376036693955,46.12786301102332,25.587781488635695,84.66992277879952,6.874872737719174,10.0,watermelon
104.01192465464204,15.100186455633601,43.29199506892838,23.372539666691203,83.28369868385629,4.699457447770241,32.46776073021125,watermelon
89.49022210424448,23.32783209322624,43.555786539915836,24.954658599488532,97.33821302129041,6.997175759907711,72.55678499858632,watermelon
94.00153083506977,23.430322792896526,48.12881759637125,25.011720367969186,88.27748274997239,6.201503205789534,87.32507761108009,watermelon
98.07843832482476,24.183605662596648,61.644803834058386,28.694961323725526,73.7286471784758,6.722447947504942,71.26798486151617,watermelon
33.702356265928984,120.86705165885368,194.7437181038614,26.783674707224865,75.90591703453883,5.8501519716678425,109.39689523754923,grapes
22.426408995382523,124.73225862166157,192.97906114509675,24.798157988755566,71.33481593218232,5.876332018051791,78.33076337475055,grapes
38.58979784657201,138.67548080369997,194.28747905614256,27.335257952691162,79.60387969962018,5.382148488975296,65.6989660183632,grapes
40.25803041374842,133.65240050064926,200.1001749146383,28.71163493410856,70.54916122356458,5.357200442973614,29.6038382258292,grapes
27.47177823776066,133.66493127115123,212.3418909382382,24.530425231410312,78.76674272416558,6.000897436439054,72.94268546152395,grapes
2.9388647200619964,159.10331644334894,204.1589681448153,24.43002492406777,86.92131187422865,6.354705490293303,66.4861628624392,grapes
15.425106365111594,137.99450686321703,203.08568672425162,21.370329702731777,93.35228489093811,6.146676018161491,88.24548405669077,grapes
39.70305065215903,132.21888821164833,202.53561605587294,26.23008171551835,76.20111132959958,6.027025831423001,73.1387146662787,grapes
11.527297379799267,155.17636788673877,188.74165245206078,19.905688288938528,92.51381260562863,6.356633125398271,44.35087956298055,grapes
30.287468181220312,146.6785044499731,199.7578955392241,31.596468700223745,68.20750551305572,6.346911726929551,99.16320840552508,grapes
33.69612681926296,129.95644273354353,197.6764681439108,25.132435513261772,88.52603589321656,6.3012367181411815,96.00144726983473,grapes
10.773560515199177,129.72229020876367,192.47987254300998,22.641661671741577,90.12176713451444,6.053991960362614,135.17147907874426,grapes
25.320876406276604,132.59691880579737,200.84946335552172,21.886573921420194,81.53730710097925,6.563894013555823,72.8492667031943,grapes
13.478483241398344,122.74915379521364,196.39838486667324,24.021590303232642,91.5486922838101,5.329755679316782,62.004343052781095,grapes
24.731720233220948,113.66294232370565,193.33121373626875,21.76033438079144,75.63223700919602,6.095944772510824,65.98600976245507,grapes
16.336566768787563,136.27962626552636,213.78459774117,28.717769550225256,66.6178258235013,6.28853609191757,65.54941774840404,grapes
24.861864114384275,128.0171696645745,200.9407090390976,24.25422218821606,77.36838594120862,5.55181622608741,58.782607934512896,grapes
25.811111173481187,137.98996341684264,206.82679181872118,22.317429930799264,84.27075653842189,6.481251295976649,99.1398723786032,grapes
22.294005750421732,129.79068275060388,201.52899387069112,20.350877581307785,80.45112391171594,6.372293199236565,86.04867823609253,grapes
19.75678874763333,134.17718201087166,193.4027972776745,25.910476444675076,81.37742851090822,5.862024274151931,60.95690409766534,grapes
22.245273597201702,127.52122355068042,205.2651442880205,22.614149355951458,94.74371276821905,6.73260525174069,47.71141275363738,grapes
23.83645123315136,125.49343378663805,197.3868194944911,29.80728240293439,79.53942866307361,6.180113018538714,83.53303235020695,grapes
10.992447530201112,123.44904525590795,190.35182102873506,21.14208779830667,59.19975912546254,6.272291200396814,121.35484603140175,grapes
24.773848868438325,117.83731140659393,194.8577889368004,22.42336946492501,73.859321782293,6.430091319197579,90.25650110938335,grapes
9.134578474188086,139.2508104444751,212.2145013086181,29.50767461568868,100.0,5.549003675278401,140.60551065988008,grapes
18.74952333789454,126.07534544619486,202.61657899902275,22.053815997720964,85.1923531251722,5.33996140613135,64.03118494841414,grapes
38.426986812340154,131.42938708568843,201.13276629391908,25.225775814151934,91.36529303454128,5.172387643905283,84.61310129593586,grapes
19.78233032909884,133.6663789531184,208.47960135809902,20.21744004576447,73.89884446845528,5.032285020143097,56.27102645590559,grapes
38.9651881325458,130.7941281152653,189.27900083476172,22.34296376627486,70.09710637207502,5.437406949134419,79.72047275659283,grapes
8.913520084327654,143.126343052033,199.4310376733573,24.056784111833576,79.77301625913685,6.386423919271862,89.57899719442527,grapes
27.020652222946058,137.64789105907647,198.30328264063658,25.426609020727145,79.29697779620955,6.001115811081201,63.13390626584256,grapes
17.51337752816965,125.1088820227821,203.74152083087108,27.73181773844039,91.36881577335647,5.371717332027282,102.23007628517183,grapes
19.182097980584853,138.0073301514559,192.75027734362232,24.225939741622017,84.50978546317526,5.257697604040174,85.20667915860473,grapes
39.15122009405978,130.25352054318373,210.8813450466241,23.23091951964278,88.79667624837293,4.89071501702445,130.4694444828366,grapes
40.945498942915485,129.1537449574632,184.22328778684945,24.664085104916467,70.44859562340994,6.222426768778744,80.28914297910705,grapes
11.703161971975703,143.20967023614378,206.44459762244938,26.72747001186569,82.07086162935116,5.292237966543147,94.44680680527844,grapes
19.755543210370504,118.1021985680733,210.81631492779462,30.098222561507527,81.67001496816637,7.0795605773016455,72.28286821528374,grapes
18.434529150003787,125.69541545814522,213.09665926394194,21.459568355836687,87.8821544797999,5.720418082470395,58.49233093564092,grapes
35.362996327634804,128.19963153710646,196.76163696463766,27.198414091524423,94.77917834577299,6.322344901642117,53.63075560940127,grapes
16.872698008429047,132.79915263740037,202.56744049540526,20.836402269580685,87.78430351663891,6.0427566648198,27.107292034046765,grapes
11.852882210471236,126.95871326348336,199.41713848927157,29.46783638651199,83.90537044911703,5.579614055050688,75.51577010767907,grapes
18.774947030553427,135.24758239533543,204.64454149628492,27.427691941671814,81.80570803463979,6.819480263799917,92.70056656340478,grapes
14.510725462253745,154.09855665748464,202.61595610616078,21.294626488083296,95.22330440984338,7.038888792599222,69.17436840701099,grapes
16.956196875492843,130.2762504254634,205.71785382014158,27.633569965091542,86.56389864690858,6.050861604235885,107.4502942576107,grapes
19.245962323381733,142.30919338366908,197.69549761318976,25.09306887403268,81.0914994816764,5.972073908673595,60.56533706344475,grapes
39.138248374168334,124.67073961891465,194.07814197961034,30.16298069753533,89.82278051723465,4.807443150653482,55.86853151973991,grapes
1.256127949255351,122.49309306584745,174.89188267012767,23.389031266918174,72.8644654467095,6.029952628398219,29.37196852793688,grapes
23.99494223806448,127.85083721879673,212.01562372150877,28.034070585236876,88.28276482408226,5.836693109669394,119.63450988150734,grapes
4.363576665922153,117.96441370436338,199.32973520088748,30.562114326763357,80.3812887450393,5.908377378395359,33.95224109720477,grapes
34.351155023244544,141.53176254329355,206.31260161119928,21.912337981457913,76.34634585301595,5.353438874797515,72.09681254402334,grapes
10.035112048657979,120.22583494750711,196.61047426471458,22.332531474447354,77.69617176942435,6.233222298420131,71.97619505375698,grapes
19.54212763386659,133.83012928311481,192.06778367116294,24.115835871729036,83.20481994275707,5.24847657032126,94.89234385925906,grapes
12.422795537276054,132.90309799206435,209.31529392428217,26.57703027314161,82.27466710855069,5.818750498558965,93.68779771438918,grapes
31.096339733703438,125.81634979955871,193.64085082398648,17.582934454912007,83.2322547334687,5.958651127490801,98.40478436606355,grapes
27.308661121764402,145.3422919417269,194.42108617667063,27.214450992902854,77.76866896716275,6.388798030896136,33.53104018673266,grapes
25.82162359239426,112.1531205855409,197.86290011246595,25.12106198163374,77.83225159015123,5.4747811856220165,91.15296173239834,grapes
21.75844652183692,127.10429352969328,200.3351673692342,31.710007425836764,91.22802279825235,6.58128683409392,80.88865797480909,grapes
24.997823270925764,108.03917711669584,194.56815722829495,22.358276760392577,67.00086348761974,5.4212921048922835,20.479088226934152,grapes
22.54011397163153,140.18765970848816,208.85419614899462,25.044353386237724,74.29282927041145,5.03396742074002,26.078282514962453,grapes
7.772209072946019,123.11140301964325,198.7220120160673,20.757507345619096,84.71180714934609,5.883863248600264,70.26364279352563,grapes
36.68300663205446,120.1976826579963,203.34963662633893,23.75808031457178,79.33210975224245,6.44262816043298,91.97535386392519,grapes
11.642110448138862,130.17839416142075,202.24969346067252,22.980979755932246,86.68017065830239,6.1405960089551375,115.81403100890032,grapes
4.636650368842549,130.775640102526,192.73197990790248,25.612322366317134,69.06262487963565,6.173156355112443,54.24878921629147,grapes
14.190057606547832,117.53501796459312,196.27939243039197,27.053501590872777,81.79849053176416,6.313840208937237,111.61604554915688,grapes
26.16506701787091,126.41200427937659,203.7380177214623,22.167111561057126,77.96461853362264,5.240053600190508,93.1564372771098,grapes
18.367969092206728,133.82098245815862,191.7123045711469,25.10784288914642,75.90447009491933,5.9291456391490875,91.94565078097814,grapes
32.48911174679035,131.7796992748306,185.85495173834624,32.77843171018193,95.9668717621851,6.361337412444149,51.169905460225735,grapes
21.636894059576424,126.56579570223484,210.1108475127711,24.5875086725555,75.72668913312134,5.764622450437609,98.02970356424761,grapes
42.20117416184574,147.28331563486245,206.05625652043182,23.04212539359209,56.06788939736704,6.1485800119041105,69.95428102889748,grapes
24.679785155856244,132.53897347033205,189.38990270440675,25.472225670553556,87.0577305122548,6.34116939102983,93.66442508933466,grapes
30.248619739059478,127.8997058846109,199.43330521667127,24.073374601760133,82.86159559285295,6.499108827985864,86.09171882556227,grapes
47.92812127483944,154.06468979884673,200.6371966609114,12.290033354621892,91.89465972901813,5.729811830506473,49.96290195422483,grapes
18.218656700127596,127.53356953185394,204.89815848084314,19.121692662621324,73.37823403366718,6.171579277098708,85.57360076033271,grapes
30.698499739232144,124.12963721066701,192.17387480587007,22.280095498636243,83.9189820182778,6.742738684636275,18.814070355731246,grapes
20.351254916499602,118.67321558974797,186.7820585811721,26.70086993603445,86.35699659599472,6.224716757973631,93.02564599327484,grapes
17.243373238806367,127.67362483666471,217.48584493378058,23.060286837221277,87.88105690443273,6.003190770481657,23.79353674803962,grapes
0.0,126.21015780060095,208.44881001335992,26.164874969908013,89.31261731379227,5.506476910531842,110.39681225305785,grapes
11.421280397763388,134.1282439866997,199.9171816807381,23.27837853905624,92.70873710636485,5.647444739917019,36.2598686072018,grapes
23.23994583447703,128.00173265713474,227.01906335266116,25.829522429319926,78.725275398251,5.471944215406457,22.992789735780384,grapes
10.697370971150804,133.14941771759132,211.41862921275816,27.165067427163756,83.83275865317104,5.8384161671487576,76.72030891030386,grapes
16.776344030185086,149.18363995763875,198.48647854979936,23.54098642525982,64.27342059983465,5.902282576738618,90.91210344912352,grapes
10.187329075537457,124.49279665507187,206.34168814186933,19.37002832944584,90.46240806033535,5.733928054913449,60.285794487719926,grapes
9.51345913849287,135.78046260427882,219.67897588023504,26.144491718381897,75.08571790447571,6.5678102927457385,62.08301135164376,grapes
39.49381977713071,140.06676402164362,176.45486747622613,20.78776110113492,89.55508178268312,6.075828636072509,44.406101307303736,grapes
15.396925814074248,112.9376337991062,199.29301369978884,30.432069178047293,88.4394671258586,7.095208500594212,92.0599272447495,grapes
35.3297521202323,151.74078687745023,203.0181060747378,23.23831803547936,90.2612601329761,6.726920118560942,58.000883932194775,grapes
14.341171011919648,133.3885603243088,206.65199093545328,26.194273145984685,70.6066591984992,6.9558030335316605,53.97087676507874,grapes
19.819220037337047,122.9734564001218,221.5866306874967,24.5262120108639,75.19219935454748,6.431961774981223,89.22839448275083,grapes
20.747275717041394,140.40606712783384,193.3976643133531,22.321245175152242,65.9182667634715,5.338024457890219,115.19077014176715,grapes
42.69714353266777,132.65788648648962,213.3034515775187,23.319776540175088,80.05271757945674,6.028255324232778,66.87696011691087,grapes
20.417644117277835,143.43398107149554,201.2010852316496,25.937445293301415,90.25104420221865,6.194092897827367,45.743216852294026,grapes
6.765609332431534,133.48780634807306,198.62994956140054,24.062174286760367,81.8715676860113,7.291786830083284,36.74434360896655,grapes
0.0,135.3237683351961,196.98861956329444,24.748203609189854,86.671064178272,6.642052347589448,32.319354490401544,grapes
16.319385225714043,136.28761258880763,206.1637087654978,30.38034865086516,89.64563176891093,5.971605702056862,47.73910617643346,grapes
16.22852176737177,126.07297177042894,205.24186902811007,24.57099233675749,71.41080343326257,5.782049265454783,91.93868883628552,grapes
27.219948259688707,137.6864461601277,203.0633736804581,28.679292203826577,83.88834451059496,5.806988601064651,47.106123971660985,grapes
25.99531349851654,107.59295985224915,198.5256879853383,23.18248042023597,71.08423317106175,5.535867080672002,90.24143825370604,grapes
25.768540988899552,133.01788333707327,202.45078027145618,24.07788276384677,91.94290050286652,6.061714590851825,33.54467215453124,grapes
42.561559578492925,135.70340267328845,195.28597015363945,20.039794845114944,85.16731376766437,5.941413997512813,109.35366965081022,grapes
18.849112631998068,123.62619210317533,207.16636974588744,26.575845678150493,83.34921094088156,6.338178523837454,69.05782198144405,grapes
22.806381212110963,38.64990882563923,35.00254667217202,30.692176685002124,60.818900367409206,4.617572313604244,146.30183278554836,mango
0.0,20.72907175227704,29.672659718439448,30.760557987815517,58.051288320212436,5.271081690694882,101.51917043707658,mango
13.061454821362952,29.951409793374168,29.481821921616987,31.47880695804893,45.60060134028524,5.544968024951959,102.18181285068567,mango
31.32458606907253,21.01720665802152,23.049859643416724,33.04038049701551,49.739968855538486,6.215249066992976,72.35506966572132,mango
0.0,21.669959181736658,23.86917912587987,30.9636347997591,44.90523828583689,6.170508475668225,87.79624343943709,mango
21.805693985286812,28.576345584409438,31.5596407392975,31.12761266863508,54.08480552328251,5.402172433087096,129.98544816634708,mango
17.161551399577576,13.884508621013183,31.504586855934186,28.646458552657545,55.322676276071,6.904802788021189,75.33569771105374,mango
23.988467998687817,9.444944112953724,33.63124183553078,28.54285860060093,45.00132305252414,5.249356755080086,113.30378065136838,mango
32.08765228967915,27.233852146585075,23.084586357314244,35.968569108311584,43.99671897796275,4.71898385003628,106.4597252489267,mango
6.742703916301799,36.88608793499175,26.95089842661265,33.01113972163259,61.212002772417264,5.195570567689639,80.85157172768986,mango
19.09194712811524,42.37551319034343,24.732938256476437,29.41648891215298,53.825124604446465,5.5113856371447145,98.81314707244042,mango
1.381550948382479,49.143299425565964,19.21832615752477,30.234741888029376,49.740151713263245,6.756344067178397,61.8788554766815,mango
43.804449625745015,34.57176821102023,33.33676259538597,28.246098938946133,54.56912993630459,5.4382566887901,126.6665313299603,mango
8.347255650707202,25.86841505543916,25.557815295894628,28.237431112719015,55.930558535263316,6.067729373704816,125.22525497252494,mango
0.0,37.64170702341044,50.04359124285515,29.84507673246916,65.16118889687176,5.668419363970086,60.689756560967325,mango
16.332410691118454,37.48203967675276,23.29458814134775,29.39898402298054,54.74831545834553,5.801530058369286,109.61557381216852,mango
22.85395448910003,31.79625319551573,26.541590513523673,31.895192826091176,42.58101595443253,6.444216811251694,79.14313207956715,mango
33.546169850592676,24.663930390171345,31.61599208605857,29.715106347327897,41.872036550655764,4.927619806197349,68.61689603518852,mango
16.113093761408937,29.118791788288842,38.08303450626611,29.86272762060945,42.944313885862606,5.078642606998644,107.0015904476026,mango
36.59833418395212,39.66330267956289,35.6794619851779,33.115629951802795,63.580990237674726,5.966040730708405,111.15324190060429,mango
16.15059365777601,13.379566291452425,24.529208796003388,31.172522884396034,50.48628298001042,6.763142927427697,97.03192918977672,mango
34.14612132830773,22.64922758423684,27.506592913878126,27.212977088329655,44.06137589698743,6.063490695681876,95.18900450985333,mango
31.315263438766806,28.812539483450504,27.180370146898067,37.64489059136088,49.24877145029562,6.381500484852652,84.96976983638305,mango
28.515193752602798,36.28015659151687,31.667935764604646,24.136551231910193,50.1460196868489,6.415230023879987,108.18702082569325,mango
25.35006650275096,9.777430660424809,24.236359434599528,32.434072893454314,53.28306621429513,6.4073333900664515,91.37833112134764,mango
24.86988904008577,27.163742419312936,22.104458107987547,24.432626006715758,53.44807753704061,5.886973604206405,79.54562394749578,mango
0.5699233218096218,33.29739514408738,27.872639406435585,32.87062416710444,64.91238824329406,4.729284559840147,77.50997978244091,mango
17.48749264025704,41.548261741466504,16.90877584634812,37.007583077041815,51.08684721253032,5.75199966913307,90.04850591952734,mango
14.764843613839654,37.48116759269155,21.45183396734049,32.23624254493156,46.926546674344195,5.418933275742951,159.6493793920974,mango
25.028608817041523,33.13265544661144,39.1022142453493,26.935950164044357,64.01833527297626,4.545521410752462,75.78083974903699,mango
14.491619921853196,32.81723364970506,31.749746129131903,30.69955577790482,49.90402124297821,5.310988488238715,57.56919013789567,mango
28.718139468032724,33.93706112536185,42.67595500125647,28.829948709554376,55.54252168240738,5.6581466358176336,124.76187462983705,mango
32.2635533201377,29.112093992244567,27.283758746672106,34.082796535824784,55.17523618605253,5.457779798956908,61.80503316301423,mango
16.537605191818447,42.154138153482094,39.1718972698643,27.863017590988257,40.657940672800635,6.4373419248397425,66.60910238105427,mango
26.111543883704094,20.839287846636765,42.93635939617346,28.888725602586362,59.146892241646626,5.892429327030182,101.30487135585717,mango
0.0,4.9708664679428125,28.23547247786149,31.940718190249836,40.99841737809821,5.255653294761829,109.03681574565333,mango
26.754253765485565,25.62258939612073,36.2416137694886,27.67739311283956,47.15252066330424,6.6239388028918365,96.70805324849543,mango
21.51575017504399,50.059465859677395,18.805262673209832,33.58929109992633,63.3118902384648,5.637571036750726,116.49076967137115,mango
8.215766033469142,20.132676044326484,33.07973132838107,33.59570001933177,58.96749209924997,6.584814293469746,93.31383603612045,mango
34.32334106207105,23.57695156550851,37.21673049270615,31.822466393556546,53.56542325665539,6.011753937011019,54.8823747550547,mango
6.51053769367072,28.025414398175226,16.501767362870652,33.693633309599264,56.972447730305134,5.963585276438895,66.97164968105194,mango
36.56166726642218,47.37210639718358,31.176614619567793,32.73160613535371,51.61390923836835,6.065184594499399,92.0110310843401,mango
19.58522912187436,36.057176004973655,48.76499329517152,26.99978629679478,49.16950012477626,5.209769757383959,134.8006224644021,mango
12.947144368161219,12.56799206214206,35.10549599078859,36.43293334422933,55.308782948486105,5.9023989386409585,105.22852306939984,mango
36.97808795390666,18.2580072998585,29.105223167309497,29.8419295544714,40.65707754166632,5.635812370291599,122.69302739956122,mango
26.799225780712707,33.443105001082,31.171804893226547,32.76997134818576,43.59527726121516,5.6452450570363855,99.80010592421692,mango
23.330190306582683,30.20187854921873,28.893317743868977,30.06772979660901,75.26217026435438,6.253393636466199,105.32868689881556,mango
17.20149802152327,22.487811730561234,28.953595250184353,32.07848653076005,34.95651564749535,5.015305202312658,79.07794027652606,mango
22.485673241342823,24.607268528481487,41.82496980879587,26.752809639012693,43.98923624317304,6.56004587049555,98.27798311687867,mango
30.618110993613904,47.51246943269463,24.44956465678542,30.902056986623904,47.82058479255303,4.822703497758362,87.24007990610077,mango
30.572746248567984,32.40589541812241,34.95266535510408,30.0734730580815,44.75122211195487,6.4346278359493105,82.56707134105827,mango
23.52898446551857,28.633346806775386,41.69373613005695,34.11423707301708,39.63793103466303,5.20622341661248,109.47274545172836,mango
19.22794823145,22.448282160462362,38.125023071955766,31.76237814626673,50.41965909511555,6.189914320377524,85.62227512641088,mango
38.82222782567065,19.119523767669918,35.255432530736705,35.501498515979534,38.9816360858232,5.628332412073775,123.55518482213895,mango
33.886934572772304,25.285043996117608,24.122631250585123,34.067807466992285,59.46839282065284,5.217668325743802,64.90215877584049,mango
22.703080183803195,33.293606334288924,27.60744731815956,33.23788145994705,44.31890714530094,4.742653200463132,84.4024731916851,mango
20.758785758157213,24.241600401035434,20.73117389072412,25.753053072363546,45.88728956505682,6.248827885824872,126.40493598534206,mango
34.25256060966146,18.84090464851447,20.77034941095709,32.689903844939685,55.080800092783406,6.000084802600249,44.64841814405592,mango
9.5973849813984,26.703112097140217,33.897745557043415,33.50192208780746,51.15402817825632,5.965391903269118,97.1216364590276,mango
28.227432490621794,30.12865651490911,30.5259012803783,30.394893602587857,50.65033140033985,6.042295689419637,101.68688472245154,mango
24.569917020143045,40.427218613511855,32.1213113819727,29.253004438580525,57.06885428795335,5.116900831165541,67.96466548151781,mango
24.03016717664083,32.16396667786579,20.03959021196804,30.05154755703975,45.15132934224273,5.556661838559202,118.58994440682365,mango
28.478065562567032,26.808778201462925,25.632304583080575,27.151050989339577,61.36147951025559,6.096056950142459,77.33327239817149,mango
28.635193971498698,26.297763794253743,27.703123961101255,32.50563458486881,44.0680140006982,5.628121740244945,98.03652660498865,mango
14.006585685377438,33.69085210267524,44.95253202942609,28.93710560217857,36.67899762956765,4.799129916261869,91.23829646262544,mango
12.042024918485806,29.078605010670806,31.06078137620881,26.39034946015771,35.48092936414875,5.947966620173047,98.38572086799893,mango
14.890184019601385,10.428564148676955,33.771130102119926,35.01569863627183,52.22385952175138,5.376263054717468,96.11380413927878,mango
3.606631028795782,37.57960713838793,30.654754676236312,25.895529264740304,47.59460511645054,6.0316507551171155,86.67380947561193,mango
16.689251342717913,14.755977929527283,34.53232789665325,29.254592399942588,32.748436983959735,5.614371314664803,119.52874288925882,mango
15.356846640800631,44.37984985123521,33.43174358838814,32.2162744868411,48.97281387265913,5.765856896117855,88.4144091220124,mango
16.372767295009684,32.30867162067149,22.513350161675476,27.97231851382722,41.01443959299698,6.822827273838577,108.2585725417645,mango
23.65390642016174,16.424853297065685,34.986738405398626,30.850285960640015,51.713351529054,5.311689842068222,99.00672143543942,mango
14.913997541522201,19.343888429698122,35.87285068645799,26.58687657440999,54.5182101145132,6.142243066776498,73.00890811121899,mango
10.156058466410391,24.769743187335976,32.256289683697766,30.741435024557322,53.468499681535036,6.6814898262687,82.30708077125715,mango
0.0,35.25923583030653,43.46651660742024,32.37830508915337,41.29801059717066,5.738053818382399,67.03691289470919,mango
27.71426592755537,13.487095973015656,27.5989697053744,28.18698652111828,51.0145974810797,5.616829161431121,99.4190525812566,mango
20.268206659596387,17.1334097227589,35.01501650823217,31.05370304447065,42.091767937072795,6.920463278102896,106.91075416792812,mango
18.160873359208335,41.15204526701824,44.73452487509286,30.763951733058345,52.779179891478094,5.305998590998529,91.32018123079972,mango
17.61124935488156,28.84827033621654,32.66208382909608,32.87948534648418,51.901141250399675,5.194628686685418,71.53832235647288,mango
13.443108566435924,24.17759408076771,38.40619432377691,27.71118303944126,47.1406796146344,6.2765047491070245,87.50306313758469,mango
25.52498779811389,25.604579570720965,32.05426605859778,30.51458236857138,55.336523781826834,5.0274717962967825,85.91719979028638,mango
23.5588721203317,32.33695248006193,41.94362098203062,30.02692599940327,61.83585409488698,5.470488086670165,128.2161602886161,mango
29.80960552038047,17.865414203677773,32.45631389801458,31.046292493403424,55.004676749400005,5.688364205783345,87.31884435845672,mango
36.429134993154214,26.01279105544327,36.61137859353413,30.5239455448674,63.33330607382018,5.460832685332253,79.64641171882039,mango
38.29420617339083,22.550536091047473,42.80859444931514,33.875521738784435,48.76280234751333,4.89335326399142,94.51704239320411,mango
21.219560642401095,38.67217733304373,42.707577409920894,29.145038462568756,56.40945411190546,6.182701078006675,121.83531756026113,mango
25.984278945626535,7.575023090382302,28.756620539777924,27.732877275249255,48.37915381665541,6.290002118066947,102.62877089687431,mango
33.777090396769196,30.417539207135395,19.613392482648777,23.637458980281796,51.19047009343672,5.6930367668244175,70.57635651545294,mango
0.0,19.652567865272907,28.44406812108179,33.19763347111917,51.50904865254384,6.604033623586364,69.10989859886514,mango
30.5727067046892,27.47298743128728,35.55735299294868,29.89045541020337,58.57344299112472,5.947612379172622,78.01387537705627,mango
19.85571165304174,24.604441410629004,33.91342680510235,27.660669751876473,49.76518638307444,5.997653626324666,95.82558267982583,mango
36.16329493266795,34.74022774071052,29.94015362607403,31.85006729249302,52.365324411855994,6.001649802083412,49.358550108384804,mango
16.381684450767835,12.155609318065737,40.22624757967589,31.017451439991216,48.453272402563016,6.248398666016618,105.55811993624687,mango
6.456385827449514,26.29094637472631,27.31866421418892,25.96640133418184,44.477790134102364,5.708229838991767,92.12622671270394,mango
2.213222915872297,38.516655830474754,29.18317552886849,31.312659229981687,53.20513310671869,5.405961873048164,106.4088993283174,mango
15.595104247781805,18.034144593528083,34.58757994684319,35.67502157640542,55.79863498788666,6.261488782570215,81.98423483594253,mango
0.8285632499785223,41.90137522099841,46.43611911523808,35.828420321309046,47.313712488162004,5.222682830635578,68.35793255451084,mango
0.0,25.926213815899548,42.845423664659634,30.77501210438327,52.4185832027862,6.487798482152104,84.89761720419001,mango
44.42637748063514,46.920944074974535,28.95110929055614,29.467397207942362,55.5779043711225,5.626237528740571,66.0861195733166,mango
35.374863842275765,39.1644738727708,31.244092830108485,27.411405738815468,40.16378999026091,5.853614644209576,82.50322413737419,mango
95.9068848143007,92.21963155060004,55.86543453938046,31.13442804149284,72.07501421298194,5.828404215656644,123.97454238650282,banana
105.3769400921547,97.32380382587621,53.36429364723256,32.54432731231665,84.32014241378512,6.53108372379433,96.91212633038857,banana
100.17144654260787,91.10944403839476,62.903825364744435,29.18771084793226,79.33462582452304,6.6886675147641705,50.20053359300298,banana
82.93318598191752,88.8163422366839,50.112866850025,28.816540953372495,80.51526017945554,6.285472847301937,84.63992947517023,banana
106.84583303295629,91.94414528207585,59.76440483144986,33.0406628839461,81.95278754801909,6.136955543423589,66.9206883956538,banana
93.6230631863389,80.06917925993388,58.40255641821084,25.166996627731113,86.37072015799066,5.99918914151831,100.57079712213095,banana
102.98672762959907,78.08843627747157,46.567702015258675,21.885642282629657,78.01636634137688,5.760015926925637,92.10047526627301,banana
105.00247675108048,88.58631952790509,51.85755603713862,29.986245571348423,84.60449540664293,5.852471905097179,93.4285928571405,banana
103.75386684120215,87.73767109901901,61.182754456251985,30.573519134820287,75.66821594794264,5.948996859936369,121.77544512294425,banana
112.81597333670766,91.38969468704792,49.488977337349226,23.23793204271445,72.00850899003527,6.136316757159707,113.55563948560864,banana
86.81584751878738,82.44569610889272,55.049794855774266,23.54632002747857,88.83997761443531,5.811234425720087,136.44032781441626,banana
93.5985706506892,71.7337451711582,46.334904081266245,26.71455563076804,76.89216074582815,5.891999289213444,113.34912874190476,banana
97.9458475624432,81.33887606047993,36.326188806379236,28.17509404803142,79.28637361846665,6.805146490241436,81.51087081865104,banana
78.30045605800584,88.18068493930042,52.772216146504,23.974700938406563,67.76200835996727,6.768698365342145,140.35275976516954,banana
70.15051889552645,77.41776970743499,63.31353643827119,25.5718123266664,76.07510212778678,5.858620336185316,76.97757565579602,banana
79.54269106926347,92.5254731073475,35.25650475001859,27.741814356326266,87.0926359420612,5.274386850549421,81.8932899351232,banana
114.55815026069908,87.3289172022704,45.061714344968905,30.606747010083513,89.65228578763441,6.134526346507854,82.49599430315843,banana
95.03861555833845,84.8638674395539,48.49124136682009,29.816871534704553,67.76180735912531,5.252868235466881,109.52177778706081,banana
94.10146703431714,75.7295138530226,35.855546246604824,27.058637534394546,79.57795913599388,6.3267394909758705,106.72265332802431,banana
98.40875106111405,93.77000636790338,39.5002615724116,28.609167656542727,66.63082268163721,5.580819059999596,74.68357168441716,banana
109.38331042542302,81.34589766404606,49.891974043256184,23.679801036811646,77.60245203253689,5.618267348345444,114.5863753713554,banana
88.10690637602063,95.29794365205076,36.595356403007244,24.580440502630317,93.41760407972878,5.782430626018983,72.12803338988971,banana
102.62885875045203,77.24607757785458,43.31303795505355,23.712387567603848,100.0,5.874224049907932,56.86081599167807,banana
117.92451710806641,88.1107090511057,43.868268551841695,24.200642733941574,85.38778236926585,5.8765408362552725,56.850554538872466,banana
121.44687957525602,77.66009537784043,61.96457389185941,30.835304873897144,71.99192364413749,6.516594932181574,88.71393625340797,banana
77.5995929583527,77.75401833977858,53.18110001421023,25.611790056010985,77.54361327259919,6.571783022464307,107.6623495072523,banana
89.88042026458056,89.02030323667327,51.581404535633965,19.435185595613873,83.42682331017159,6.195914353858051,105.5030282395215,banana
110.7004069728349,75.27606415673498,52.69199831056721,22.299121886497943,83.25672306719065,6.976529847769948,80.12859118831147,banana
90.88237441614669,74.89984557108448,51.039985806412766,23.810891181438844,83.36997902952784,6.423419972734583,118.3586803363446,banana
78.77901489234313,91.95167665158606,57.49893931402944,29.490484117038914,82.9827379892466,6.110094657102566,130.80973495315993,banana
123.08216185124145,72.4695953663515,58.62500316635818,26.741348705977643,78.9626155837712,5.231734654808981,97.88026476211512,banana
88.03282050437902,77.36145570494054,41.2145089297748,25.65327483806098,76.75111714381278,6.0483774592194,64.63125344271673,banana
82.65378222705613,85.61914270730527,43.62049506343921,30.223589370689794,81.80215777612037,6.303381075103204,140.26730801052236,banana
96.28347025832113,76.25513294583725,56.973620684790504,28.528540691789058,78.5013575214296,6.695728983477971,99.69389225400174,banana
100.39328365066937,82.21222650834258,42.52324884081223,27.232756168459172,91.17408141918793,6.222484157688088,105.77658565997329,banana
98.05879262601198,85.30867028406351,55.99813302791348,28.82771649266926,77.34508110542417,6.162390797055057,116.99849352870697,banana
87.91366014967626,83.68230541183695,32.70956890958111,28.447601129463557,85.28274443650145,6.37377306289323,95.1238286957608,banana
103.70856202028841,96.23953845541166,61.31015718633007,26.91248190232032,81.11455704583648,6.555455572367217,67.47994961844563,banana
96.12309108787571,95.35570455536757,57.80160433347813,28.107791332949713,67.95334075735504,5.975044883479419,90.25211509375167,banana
103.97246683380656,73.9065331520512,41.794212840203144,20.805404166949074,89.77443747981361,5.8001147442784715,108.92864459256336,banana
99.97314260230982,71.32566067039501,39.92748070841445,23.984054622008294,74.21465248936485,6.183303123506903,85.10705841198471,banana
120.95788757913546,92.27151035893151,56.46687639732566,26.64102329258055,92.11424588576386,5.890997184439438,104.21846464614384,banana
102.03969447699123,89.01823040543344,55.095264632023884,25.57462416466619,75.73605024459238,6.3199514785760424,122.88091459728082,banana
95.27978650212553,66.12811930321546,48.341471231934044,28.870577396477575,94.44333477135825,5.401021018829669,94.33571867923567,banana
95.32715726169548,95.55805339431501,49.72046799633094,24.278020321883204,84.46956226337456,5.797680739979527,74.39031816605114,banana
89.28672031268619,99.3404195442262,53.0736737731957,27.32328016635763,78.00085011350363,6.146074421059399,112.00589865006236,banana
103.50602593848791,83.14845090277753,56.95038670644439,27.069313038002193,72.17648931557889,5.693788554549566,55.524532662757196,banana
124.32180539250871,90.62754591952687,43.3594360389661,26.1544654518087,74.90498820634853,6.771273605687059,69.50307089322678,banana
101.37371270582535,80.91472157435152,56.61470904567292,26.687972316825913,65.93432898675653,5.874441082678779,80.69594455141687,banana
100.95495455867872,96.34177036520326,36.08459804614178,24.59933179380029,75.57845636973202,5.809184452293394,123.5031416026311,banana
97.91746698926335,86.15802725720445,44.99381565014579,27.68977303625381,86.22238104702171,5.6338502251314555,124.53395299516286,banana
100.62847322473083,92.45460240482252,48.38864079938421,28.143733965486298,79.67515014657177,5.9518938689797105,111.47326070564225,banana
106.44168963069885,69.50435088075994,61.469068870543026,21.421010878350604,74.52150312208883,5.95286546461755,115.3088992271487,banana
118.91407033289654,63.417085117748925,45.93844697288232,20.619499536602206,80.25297579128198,6.135841792250015,144.7698935542813,banana
101.44761713072145,92.4402512944238,54.67069665231247,25.694255408984496,68.72831402566368,6.137501149145906,67.6974495713659,banana
115.54248487203573,80.37937897963177,59.56141929209133,25.5593566976028,82.15080629120794,6.104674428667344,103.8738970497269,banana
94.80808583924089,85.9245601847052,42.59069389213433,23.371694013122823,89.94261514661463,6.36358399444605,106.647290215056,banana
119.98170859052539,79.32234481275155,60.58162575991184,27.526722254777464,71.80199399938888,6.9240200958854246,129.76777116560214,banana
98.54774762788523,89.2717125953395,46.77037252801674,29.487447105178624,60.871371477728324,5.4900993331527035,129.48149360717406,banana
97.00413354137297,84.07542294888742,39.22571470307652,32.54360098710631,89.52423714974141,5.899657390812335,94.88260357841685,banana
112.35525233703632,101.82470450168927,57.63008204649083,33.51540800218981,72.62118936750466,5.590306584750604,75.27647204866628,banana
105.30112779579375,83.7560354980437,48.78439101222411,29.427775884369897,89.85862884171732,5.237168795356579,90.07569930247212,banana
109.84172312947672,77.32261316141418,43.61435138913477,30.055612282951184,69.68399944220816,5.849210096104447,113.2161006451202,banana
93.11416103307857,89.83155656013174,45.448984198421044,31.225858480337756,78.99402962003381,6.335635068352676,123.65059882457041,banana
92.46951996707112,61.465134513441114,52.88604603731068,27.216865041374607,84.44660822060102,5.886736263808581,94.2393075299821,banana
124.1016761317804,67.27645938489222,55.871603826913905,25.276194425449827,77.31377105807663,5.841448583713017,84.91414314571857,banana
106.85469052283487,95.90643595949958,53.76010928997329,27.310145988636286,72.10847600720602,6.258412632912226,158.90874079323248,banana
95.43166451445889,78.24016420648134,45.51128695215202,25.531757296516737,58.037603570620924,6.202517692927857,83.86119559113466,banana
80.6768425744984,89.53189949732548,41.34385771966451,25.983992838348726,91.73153912950863,5.295392100987743,66.68504413505595,banana
103.23167427474806,93.49487364010369,37.405266258144295,28.223069210511532,84.64799631969353,4.97041975815384,124.9625334476805,banana
110.51927055810616,78.88214426743976,60.01877089838406,30.409366722974536,80.82494340573764,5.7742773048375335,80.67930268542608,banana
99.5492378876057,87.6975891970418,47.40658511167487,20.40749698421391,90.14971115661257,6.095111610922447,95.50938758307916,banana
110.28590066107947,97.24638596482757,27.584707444096868,28.302790949766216,68.58680631351723,6.24955525339947,108.19818005936447,banana
107.6287183172866,77.00752385505345,35.01407910544678,25.648895426229995,83.25478108111827,6.507696164337611,75.70421748818687,banana
112.32472512247621,75.52127710353479,52.899599052756216,25.4703181414031,81.45736502169682,6.445938817285137,74.3246480677866,banana
91.84112923903803,83.84962587342086,69.21266928824282,24.410430863499517,96.32107108797535,7.002211651837586,102.56722123246023,banana
96.42216968560119,75.07934801335308,49.45437975733865,22.779841702321328,79.39008786143522,6.748440136925428,89.72287343808206,banana
97.11130835213139,64.98859525732757,52.992496705048346,27.79344505485412,80.50961887812616,5.891586474888928,97.68105203068863,banana
106.02280280440806,81.71183398411377,52.519774972442654,27.644948452363643,88.9874182967661,6.338497048687527,109.82154607875476,banana
118.22106436782616,86.20268529056561,60.43970151032335,28.820827825159913,65.26464736854766,6.652417381659665,108.37940603356672,banana
99.37654274919066,84.81348347489578,47.24013470434346,27.681086581166834,75.26499146925526,6.637136129367185,102.16029715947374,banana
95.4089938873308,72.75074184280726,52.15020631318913,27.561321300375276,83.10739690942005,5.486374056247436,64.97047002971067,banana
107.50709563007872,96.84641861876507,41.78917102088083,31.768323850685096,82.27128846989105,5.996468547724585,95.06128258635555,banana
83.38578376690003,91.877285159246,43.795149108499174,24.6605799727872,87.93541047909564,5.058508276664137,66.91005473329582,banana
99.78238907790302,84.93284429004852,53.877877183751394,26.09460451981124,100.0,5.886053720617083,99.23034619743194,banana
90.43615997423348,83.23906816521071,54.9196898563742,30.61073416360038,68.08572588447825,5.877002330822149,116.1675902702286,banana
107.04469041513443,82.0654865780454,54.339391756256816,24.5731083212226,92.46324345854686,6.496314051489715,71.37680532337069,banana
87.09876342259894,71.53078249893093,55.42375976717223,23.1458167007476,77.35180532633535,6.227352198208387,103.34585163633913,banana
103.10665018855246,71.34197288651242,54.758834987177956,25.16036432257201,77.40304260481648,6.118865863952993,107.5769555382712,banana
100.28776022818711,74.49373178023244,47.603604710406465,27.00655077251111,68.99931813466333,5.7687335168433105,114.69199697582116,banana
84.67076075385589,93.5658165159424,60.15690610079874,23.264548272119743,90.86095706440112,5.928209205643933,115.46286397892636,banana
94.04018737446104,91.23044827226762,53.248752150789336,24.557540230207188,70.67838400027769,5.269848782395389,109.69854441081891,banana
106.86965694135682,88.50965678779441,49.056151243140974,23.52901063300691,74.54340161580974,6.5761743194809625,92.88428588499796,banana
101.72101156817772,71.24349516425113,52.69266436367228,25.626946314962765,88.3737017102061,6.386778853103407,92.60735133562751,banana
98.48003167182804,76.48883759959371,38.644534427639925,24.42767271135835,81.58573862176657,6.162629749114791,108.71369758981598,banana
96.37920335249638,91.33066605720985,50.5083352364875,29.10976148428784,65.80979894237986,4.038799874190829,112.094700695952,banana
82.90281215534213,79.87548297286943,47.583223671803154,31.762201807246612,83.19997242354886,6.082929513399336,125.92477886584184,banana
104.42197104206846,77.42323007011566,58.57180744203648,23.67074961633518,82.5859775002685,5.226215102931844,110.09859643789987,banana
102.31587570127516,98.76454961914663,37.480208852465765,25.197338472438563,86.58145941259315,6.167658628198654,109.50762628343757,banana
88.52637156449752,76.09181651908571,59.96032806578605,26.845472418738215,83.00287756915579,5.94240583561176,75.42286211875587,banana
30.20572511289996,20.032323845324964,58.44509469893751,18.753255861048366,96.58058336960384,5.944228016981499,110.93366419182694,pomegranate
30.718079068757973,0.0,38.360540206067135,20.11037079787214,84.38434161363902,6.792606326129677,135.01714266056487,pomegranate
17.400655417250135,17.054864275600202,40.914470024473985,21.805410519069245,81.28525889830316,7.154222300861446,114.3798842039709,pomegranate
23.73857788003093,6.934903709744178,36.32623681608607,21.271597406867667,77.72700245240918,5.75598283740116,91.98130173403581,pomegranate
25.27024919730868,8.468626100700591,31.84955841927429,19.35594304028699,86.3572606148375,6.423070518589948,161.13803630516392,pomegranate
31.65544754184782,25.24774112281728,49.34864291418705,18.803537391997853,80.22108308010209,6.0465648542329715,140.36265333344596,pomegranate
12.433698533410109,2.4864381776071305,36.5520303982415,21.08418340485612,92.1473061895565,6.725475510356021,86.2954859031623,pomegranate
27.22787671016453,8.60806466249842,38.74978930635966,23.860322211510066,84.86542876844527,6.315324288209431,121.79170124232827,pomegranate
8.707201880739767,11.152079763959293,44.44593742434314,27.962277324307927,94.84323603810198,6.8363198814950055,120.27003959181823,pomegranate
6.121716711195408,16.15596738679908,39.761868093308784,22.76475362111827,90.93206441980696,6.789849838708556,99.21332012751996,pomegranate
19.70330700846151,2.721714339430079,37.44074177597669,25.97250064452993,92.55046671702604,6.589539481308461,154.40308190635866,pomegranate
2.6699802603870495,3.9054444455378032,53.70169129021018,21.937882808146803,88.05933570968165,6.000397837452178,118.1924066598753,pomegranate
25.533518434329547,4.055056391651037,38.87779531559657,20.793452503900802,92.04781717135018,6.040374878889677,138.29868636282893,pomegranate
29.989885379171252,11.368244412671839,38.26865030689303,21.39073354916715,83.77353157594797,6.378285290882482,100.24324080813477,pomegranate
38.35442044848554,24.466183083304365,47.477237658692985,22.909776839013173,81.06138392855013,6.57925444771131,131.2622114903345,pomegranate
3.9008244475925444,21.365532068732644,58.58087380210213,24.985449937969197,100.0,6.70916937522108,131.19829871912475,pomegranate
10.385761427751575,22.958638123412264,45.23510507248611,22.66973352211299,100.0,6.330607581076305,102.32356208815844,pomegranate
20.145544496299557,4.703890289105994,41.815455550401985,16.64320876113846,98.37563627542568,6.6233186832829825,93.97767740240592,pomegranate
8.987516652458542,12.654209703808124,45.50607768617931,23.443216936212682,84.35569642177231,6.176980163686182,123.42246765799118,pomegranate
10.331831144619647,15.599097740795036,40.99003714019422,22.736186395180216,96.86616344145497,5.968518531566338,59.22101686848781,pomegranate
12.19063262525978,33.01528407832186,56.177392800699025,27.293531406697664,88.45614905791449,5.708942459007585,48.42402245870398,pomegranate
11.631542061407066,13.019263698506398,50.40500320844767,24.403416378627337,91.81924063193297,6.155077614529429,82.98051104387774,pomegranate
22.049532244857225,21.970509788397266,43.13505009796468,18.696206121180037,95.20534103033668,6.812955483550706,80.23333984524554,pomegranate
9.588148356396932,21.884959745615667,38.12393971883287,26.567441904909373,94.00903420851661,6.356684405905365,106.74485999022669,pomegranate
19.760600711652618,7.7160968675829,32.699294414578986,23.9041696814285,96.76218637633677,6.901890734776479,144.88295235809505,pomegranate
12.498721167860777,31.742707660711304,32.79263105156678,18.761943309894523,75.920328942806,6.377102343086591,94.40694157926366,pomegranate
25.311247363055806,17.43890941620451,30.456213031846907,20.621821284722547,87.02830383129852,5.712008876519054,82.47633182466576,pomegranate
9.750236432630928,29.336250198209463,41.53160572765882,23.7865062618425,78.0109160228063,7.197107241506996,139.52755157560233,pomegranate
0.0,7.946832760841518,43.96612458412408,23.733165360614546,84.57204215610223,6.447250268473173,92.06547347387144,pomegranate
20.325016563353437,26.971785314619126,33.831662742870364,24.802461493305245,83.7466234212249,6.176186393751557,127.46486545858033,pomegranate
30.063236536091402,23.514099367626542,29.473620734254872,20.402147065783847,96.58390873602657,6.620770920281947,80.1576788450634,pomegranate
24.4998152695053,7.851927410085295,54.3561987871377,26.434524387254775,94.83277941084454,7.280503352384886,108.61978375308453,pomegranate
28.18524993250019,29.777202953020748,41.963989454354504,21.03443848545715,76.36302433458307,6.558433237139253,127.58557961405779,pomegranate
30.347601130811555,20.0436506571841,35.669607240302085,15.869535293157229,86.03827921596212,6.447827564473024,99.17677582024965,pomegranate
26.422676283735093,34.8567641101484,40.98823361472874,21.149804632530614,87.92622549596726,6.662192383453856,86.29265599129002,pomegranate
20.44238270495266,19.508123363318,41.67748850859591,23.172625802014345,93.46998087478828,5.714051658876778,122.92175395988508,pomegranate
10.947821852050556,4.0416083699604215,31.16438537716003,23.100624831417587,88.21940058220117,5.759015608007294,118.95094537980708,pomegranate
1.724702430414073,16.39821358518211,41.907991405384436,24.456731245085134,100.0,5.917661837049729,105.68815359842377,pomegranate
15.683976459469392,19.337496859609622,41.725350167468946,20.74236127179014,86.47278249111315,6.041774572407975,131.69653956016273,pomegranate
24.51045017919435,24.177681977951373,37.51683090819589,19.82949359391671,81.37347946696617,6.779458791870329,81.00516938679414,pomegranate
41.18395682759861,1.9235741890655955,42.18928095370001,26.50056412164136,94.79271807411047,6.687836856245889,82.78790882595261,pomegranate
2.418769737187553,22.70050108917586,52.049177926199576,20.483450028565485,80.8875079390692,5.37091528472549,82.48087890843655,pomegranate
17.63611789001152,30.991232408367342,45.38506953786375,22.71525621412026,86.79904270959095,6.308417141372021,142.1411899376991,pomegranate
21.408862489100674,0.0,34.611682816822054,19.22535190468512,85.62988792658028,6.8814553301425425,104.31387795514377,pomegranate
18.077615115956057,28.134731613252367,34.42831128170649,27.39259857766205,84.62953926903131,6.644599098306285,99.96991011493083,pomegranate
20.48102960201153,19.445919950731287,43.470681920711016,19.540648008138263,81.01668258041943,7.851585895452855,94.90039150998618,pomegranate
27.39054926406384,0.0,37.76309824076259,21.41840184805267,93.78252055942266,5.23877292950403,111.15351532695827,pomegranate
5.203102535585286,18.24345711194924,31.709366425294697,19.233551912223255,87.81097911685386,6.073835265198402,95.11163883161613,pomegranate
4.679490777480217,0.0,48.143656419434876,17.911853921528216,88.57055289913613,6.976445540746892,91.62639743709892,pomegranate
9.098009203053545,17.262380886674215,48.943470581817216,18.292054204740595,88.79881734386049,5.733752702516336,97.16997490794525,pomegranate
19.410456214456904,6.453753582449343,36.34406532939815,17.575319695077653,90.61662889105195,7.127847124441574,79.5714032557384,pomegranate
11.527938801371405,20.025462464541818,49.69672575458189,17.320430563373208,88.6497221006724,6.741565411159762,104.4485902342788,pomegranate
0.0,20.01090009308772,52.15469080872515,22.14998525350851,81.7511515736459,6.343436376817858,151.24782669138983,pomegranate
29.919550490326703,21.400266183843293,42.85130066827501,19.816588663427083,88.39543055475386,6.5610386321607415,120.7393579016111,pomegranate
37.107026731202836,26.18338136793128,28.644925153631675,22.471984906703145,95.89410676134318,6.909430165072317,91.26915591531451,pomegranate
53.96931058922034,2.229154376688811,31.334492426671602,22.50078524378473,100.0,6.181902574647914,100.3542908588252,pomegranate
31.927524076188313,14.821378451122666,37.32316916375763,23.49689870566016,92.18014392183674,7.115219392818395,139.28672222663408,pomegranate
22.68403672006434,17.91732725378309,41.712887858289065,23.267391669947862,90.44136510297172,6.5996957588388545,136.91567802068107,pomegranate
37.19339416426052,0.0,40.080169213924556,19.733916699664295,87.51222826811141,6.80125810486766,123.73595928856172,pomegranate
17.65448267666386,0.0,32.27963535539056,24.489499010600497,68.07658862372055,7.193713575841,120.03074976611353,pomegranate
34.79411297836026,13.014308131190395,23.50875660781676,23.091087924519496,100.0,7.06236090275671,90.43271291279912,pomegranate
20.04113290555176,9.67163731220076,33.44586828648502,24.666165713539552,80.4197415098787,6.1530917847091935,79.39935916319037,pomegranate
1.1170297204114412,16.464142918426035,49.292024387855804,21.245369731264205,77.95401759548668,7.019972269871014,149.1425438508743,pomegranate
11.245092110240865,10.214457332822818,44.12528504066715,26.665621243355154,85.84132683419818,5.933775109500897,122.78546515681016,pomegranate
28.588816877707593,15.061314504352268,35.53493392274039,24.78313619297614,94.22428803638371,6.215782241548253,108.22736828264179,pomegranate
2.7795096157042423,21.858904564379202,37.902131444937154,20.49286750284579,89.73700411878053,6.620153849665123,129.373251539139,pomegranate
26.093086375902658,13.435907212071973,46.10934519775196,23.00221176107484,86.5872029097117,6.537640920881756,103.29442777892199,pomegranate
25.06313611809042,11.329773852783582,36.87672650862693,27.706271928301877,97.51788385397683,6.21969966778743,121.27352484855496,pomegranate
20.420200787862125,18.91551175260094,41.09873059652084,25.36892793645571,92.76496275721156,6.568955650892856,133.05476442457544,pomegranate
21.799420493054463,16.214785793290577,42.51218081988892,21.5191729299009,90.07381594396375,6.306652705619063,88.22081950940303,pomegranate
7.017155362210726,1.0801671320292385,32.96226110892355,21.277198896599224,90.8249406595651,6.46435171842618,48.10741274681605,pomegranate
37.89503629314811,25.86480122890382,43.56607880973703,27.522472017659805,82.18108706013031,7.543812560313002,82.8696480812363,pomegranate
21.86485510349628,2.2616267486579567,40.11755276435493,22.958499493995166,88.76247735092356,6.956938722045068,109.47536123718143,pomegranate
12.73102325946989,9.331866821976607,46.48731018092557,19.8387739105791,97.3232237638795,7.211355896415965,65.28215344134675,pomegranate
32.595116647612414,35.60422698444699,42.01603008961543,23.597252555884467,98.29604259495326,6.462258842410488,111.55700558844674,pomegranate
3.229605644522689,16.38635028530451,43.98489596515633,23.348489068779408,98.52339778878064,6.212598910932235,93.68483108316259,pomegranate
41.74608815189626,13.4967162623629,41.60027029849862,21.598969874824338,83.42655338955981,7.411764605445903,93.80746470198486,pomegranate
5.472573715516841,10.492597226972483,23.986351986195732,19.846137605050455,82.25497121718139,6.908714315463662,90.16464401100319,pomegranate
29.653647226946184,28.984839930693212,46.24940269030079,21.153835133419772,91.12891597364474,5.8375075299279695,103.65551568696901,pomegranate
8.674738383198003,21.94326381149299,60.582019113955795,23.29946490792143,74.07087880836266,6.419384903542813,110.06227313436136,pomegranate
20.048289103123164,7.691868743912469,41.96233394109548,18.07249748924184,82.44073021851946,6.922898820801855,81.60841922800435,pomegranate
25.458539265907085,1.3053622534394194,54.11860707033389,19.477190232787837,88.21066742557245,6.7653066305452025,92.86625118747264,pomegranate
20.720871532855654,20.753567245201257,47.68490586002788,24.17449230791887,88.62551628957861,6.526684112978199,165.7277139506258,pomegranate
30.398668818991503,5.781763436797863,40.799905310124416,20.794570583665422,88.91732612861512,5.9852524211459555,96.70191914035118,pomegranate
40.73866927832696,20.79076300875503,20.07070873478832,25.45017047749384,98.7170361832733,6.4203573478467915,124.93158859458038,pomegranate
8.687209470193592,10.297442837336426,51.98837088535883,20.984809880390877,75.04214670436008,6.568348388609332,105.03529017714108,pomegranate
33.380422832481514,15.1433642217576,36.627341508477656,24.93516843569362,90.96632186000888,6.224988659217141,135.87493901354043,pomegranate
21.32394117420159,15.029259666794378,41.42326713129324,18.58799488575021,85.7787697905733,6.601791300916391,102.133407624383,pomegranate
34.26914059379914,17.174058527270034,46.83923138109122,21.82818606372755,98.45030786996898,6.798763878286577,107.33551213471151,pomegranate
18.840602932491766,5.455613737090367,44.05532576109049,21.679385796390864,85.98406431855037,7.153230885406035,75.74459935262996,pomegranate
13.930049254810793,25.277187487795334,42.52418352736203,21.656423217041727,92.00802834520117,6.689707085524421,69.08343634285197,pomegranate
14.808857375824463,31.16521654513749,34.72540692178266,20.845096957686998,85.6670338935265,6.5564923883409305,92.42192921689255,pomegranate
24.84089802589672,16.973134122902664,46.18838092085615,18.64717650143312,87.27727613693678,6.4871386841939325,118.39117275221487,pomegranate
9.481345633515588,24.156538042583442,49.49132472414087,18.83338295709325,86.07301684085148,6.334034245853953,172.80965511693745,pomegranate
13.84119873750536,31.776254421561344,29.86694403914712,18.83104710150691,84.5071637452144,6.177155344276739,100.30253164603754,pomegranate
10.494661567342021,6.806584072654264,49.26777597178662,25.471380867539494,97.59437198700253,6.861999477792164,109.3185766444888,pomegranate
13.035631712009096,5.46842495244908,42.9039656274615,18.279108822359607,82.04863256659685,7.176456628102405,154.51622604305217,pomegranate
23.71954165799777,26.064571522946444,38.03321346044813,17.786977441736948,94.89737294894867,6.884644661635032,108.79171384700611,pomegranate
16.091494502738662,24.62210578581098,32.1141357325802,19.47865826332803,81.93514794591658,6.642486481317913,79.80267469726854,pomegranate
10.789093833817077,7.9424443777280205,37.915133341328335,17.33787666078807,90.69763993629813,7.223651825332339,110.38728430791905,pomegranate
36.495853737615846,81.33998185876925,26.221880377982835,18.224057527910656,65.18000310596352,7.38189988618163,35.20823476239919,lentil
0.0,72.92004054102959,10.95145096052023,15.113576315428846,65.00179158396631,6.952437561223265,10.0,lentil
19.985898769597682,77.66139660861049,10.973267437873737,21.81744999254628,52.518633398960446,8.058662072185477,34.71848923791292,lentil
19.747403961922696,49.0796642751433,19.502911468245532,18.685446533154575,64.31070316720404,6.718459461473813,21.33588703680463,lentil
31.56631943444773,68.3080713499795,32.32601901213418,16.42055293561523,61.52164245302227,7.407797122298081,10.0,lentil
3.438439678164924,78.97484971353164,10.624528566214442,12.542846954092358,79.94821750458473,6.303091176062897,49.60298495820424,lentil
18.829022312691254,39.89371683381916,17.86146381465753,19.34523974843733,67.83447505215088,7.451760341901751,35.31271712736415,lentil
26.550053305105926,61.10670931919928,8.7162606686978,14.106814872956303,53.30311635843668,7.504792983945597,10.0,lentil
21.28846608779164,65.34075805927567,19.178811412394946,22.090821885599098,61.492581062277814,7.305800780774842,45.939083784527796,lentil
16.175773132407624,90.99969124386473,8.469266034277043,21.867395506312334,70.25125252391977,6.760237502684108,85.73296293604031,lentil
0.0,62.782333427009284,10.33214236584739,19.23625039461438,56.09548719050258,7.216531973370659,40.33908960446115,lentil
12.247752688126988,71.88647246033311,17.851027008495485,14.734095470822883,87.41098391707983,6.7564164084854275,10.0,lentil
7.894815723343337,55.327233116272694,26.609164928324127,18.96495797877476,68.18970241432275,6.814988767081378,38.016243823576964,lentil
13.548826756707982,67.18806815864531,26.68266748291868,19.00822623751604,69.00090263696693,7.249779454124601,67.11106093454345,lentil
21.457800498483056,71.58848072678919,29.510449929545253,16.004862245990665,58.15405936038794,6.407039200406572,49.5728640905064,lentil
0.0,72.62154096059677,19.12645524399558,21.40391909946317,59.62466151628008,6.898340857291247,73.05508333233422,lentil
34.59762776133783,61.1984763424818,21.45424986069728,18.883256933052145,67.98922724496919,6.868712170342189,77.03458495309087,lentil
0.0,63.78869765198916,23.583445862183574,19.371674435848032,75.8220722449181,7.599112696600644,37.861459367319405,lentil
33.59845492236725,60.859582562225455,27.4470990623347,23.43156743526298,74.71955285483975,7.052885191762061,36.705530705696944,lentil
0.0,71.10539637914204,11.078262176232647,15.62059600915819,55.47403359410663,6.769803833671673,44.300764637825445,lentil
21.28337497398846,61.994933645860364,28.554269651161466,17.375384226030103,58.69822053387585,7.1131461336217185,94.0888208385954,lentil
22.021926798421415,64.37144372626393,7.780309151050368,17.34176303708379,66.87942500070493,6.806209554372215,10.0,lentil
7.793215325958794,82.54538460887758,31.472008029843686,15.340082492386205,70.38205429759537,6.410713607614913,80.1079070498738,lentil
20.942830174730837,77.49641498616533,6.279253222539689,20.032911305774665,64.93860749052398,7.425964535395421,67.87169495244623,lentil
18.789416273696993,61.991703609040854,26.237569457435953,17.81953650178462,58.01772037177886,6.539923884271158,10.0,lentil
11.876506085243241,79.02692046074378,21.422638397643475,16.410696882230877,71.43884750544063,6.5837616891383055,47.383756858319465,lentil
15.844435527293816,75.79130625588353,7.382173032643994,15.449406762556032,51.894034727243735,6.870201639095365,75.28568759081077,lentil
11.934633484157674,62.893160618043495,26.97379539347309,21.2056486753659,64.29143146184968,7.342357427024946,18.07613647805134,lentil
34.53569200710497,89.48706293937052,24.1697263295098,11.747005135971598,60.534157900817725,7.306412660834661,34.46292507084093,lentil
33.266382651001166,73.88157264435866,14.348195993873627,18.096794432313757,57.84933423488728,6.908707560793779,31.135168989186205,lentil
32.097141602796455,89.16012056830995,8.550493334113984,12.230351141370743,63.03862062518891,6.2407921505856585,46.155290091772926,lentil
26.98723336567112,82.94141897266825,21.61115646972225,17.420534325451264,49.172920667415326,7.013092574592899,46.78218151373654,lentil
25.667481770552943,60.91511898470909,16.51957919811312,13.565993234087447,46.669657544927475,6.445751454601608,10.0,lentil
22.040547545047335,62.818659433331426,15.694102959401686,15.046760861474365,39.13947653990053,7.7541553743737754,19.99323693058029,lentil
13.050959161801117,53.45107834710689,27.77544274752507,18.430286811111973,58.38907771787305,6.803885194327988,86.95449805312175,lentil
17.12436681742466,66.18266462384094,12.46894811088588,12.316256548583091,63.719690611365245,7.162742556162309,72.48961160819174,lentil
0.0,56.74903672976971,15.354071275548398,17.989557454280394,63.83973046777262,6.939155657156365,55.20240146424861,lentil
7.160482670650689,77.34141442233695,23.467619533595844,17.04050320761576,77.80726393511132,7.778208017785883,68.32238387984522,lentil
0.0,83.78945092717976,26.358068179775472,24.01922591313881,74.8997167338683,7.789171338748643,66.96637125450948,lentil
34.184318383746145,87.9412374073444,21.73243790702565,13.28330836776561,62.54031279987886,7.194972799691718,46.872189609288945,lentil
3.041256406086882,51.689323748050214,14.070698650921365,20.423218667952455,77.64271816658376,7.458283806888851,71.43568217785341,lentil
17.030213122037306,50.57917542294036,16.358235352938358,17.223706764382865,61.023580105314544,7.027347432687313,56.03549399732376,lentil
28.23618225892197,65.21880135633666,4.769924754843252,16.551366842126594,65.34968317593587,7.611403961066705,30.804803945397367,lentil
24.150523540792822,70.90087899635432,20.351204264987107,20.791599957973773,59.71327042597935,6.712406775178242,44.702479422644295,lentil
10.318241938875603,73.080122910546,14.294461565070938,18.678912623235405,64.19861784970595,7.107462982388353,33.50646512342402,lentil
13.930940465678075,68.9600926799705,21.6165960492905,17.987394253826533,78.64289885210468,6.504631540629358,43.39490512618216,lentil
0.0,71.72081478667386,11.078027708985488,17.16506923237027,62.02348539734939,7.140445563300585,31.1802270613705,lentil
10.856331627672212,82.35856464085899,22.27653432379621,16.316847443933195,62.993330625510154,7.822677476135373,39.12087804372258,lentil
9.728680522171349,61.15003849873607,15.606988152083382,16.216506832719833,54.762817213206056,6.437899951526511,24.26699064096575,lentil
25.09885222143717,64.18762712727127,18.34270648724768,21.810264075764692,75.36005719950734,6.858937528431133,29.228412232914778,lentil
7.626836235917546,74.92775769708237,18.3623421318217,16.84051532903163,58.49068339889958,6.615166795494305,53.00145478733111,lentil
2.214740809352854,77.94868693787939,15.729242849480652,17.551092167244622,54.304176334875564,6.993817030878818,36.79197643273601,lentil
17.3990328137224,82.71708898361891,21.42158436632192,15.616022447562589,59.30944071562745,7.297565592956884,77.4673322748356,lentil
21.3830162490126,74.88712744554769,24.87790178669364,22.257193240072564,49.403278618191734,7.333609469652264,69.5934010975891,lentil
1.9353155263731168,59.14331815993584,13.193738010974773,15.81362941086785,61.146263592515794,7.121301406527471,66.64186627918424,lentil
30.975803493222436,59.62176938832218,13.242376010376137,21.94746552004867,70.17395148334916,7.041432420934498,56.833416888874176,lentil
17.64235461778271,73.24584683047615,17.311466427954077,18.806414803317693,52.915631597044026,6.656107852587285,28.07472058024141,lentil
13.50731960151703,58.73486745220252,15.731650993415347,13.456757812805638,69.3896038111592,6.958743240544303,10.0,lentil
7.982041073439923,71.36601427562167,15.655824428913682,15.90917561958571,64.40325858393538,7.171798767589108,10.0,lentil
24.601541774614553,59.997067183926234,19.85657625400161,17.893739577925473,60.78347105408181,6.488170126934643,37.85783629769341,lentil
37.50396370890234,54.38324969536369,33.538504152839,17.220836486770402,65.28297133670911,6.456644594307637,25.71826458306298,lentil
11.965084199543771,57.54305029122088,18.328656341033025,16.778952324579688,79.80624913948587,6.417012907159769,47.56726291871468,lentil
20.9741553828219,57.29679451348163,25.494619963622707,16.805018961355117,45.06088278733546,7.329924806052283,17.076477897440906,lentil
5.426700646330811,74.87902082892398,17.2227081406524,20.753316451654502,74.68132876292255,6.677535769838851,64.83156239887576,lentil
8.934470383285419,90.33115917132176,14.456343963750278,21.07826232288001,71.75032020705261,7.158043911054467,28.236420964582923,lentil
16.183230096703088,46.46411887055448,21.795360307058004,19.048845993085155,66.06799535249097,5.513346914353721,13.359088872754725,lentil
9.022908205816048,70.91658933189046,22.314711245143876,17.48932862408646,70.08196429283166,6.48687881234855,60.25587514234991,lentil
23.696905258078694,71.7755473283791,18.543676551314753,23.492231474493785,68.94556550791903,6.5158320683732205,51.2076368933996,lentil
27.02980052489062,62.1189140107569,28.71417797544879,19.14610111714803,46.26017329867722,7.149835988668963,34.849271139682116,lentil
24.446157774500833,77.44214840251814,21.561296377134543,22.995756701834086,63.57034492349204,7.312408911526938,65.12356434093368,lentil
16.831848373287208,75.78774307977783,15.24261610270265,16.732294742936343,54.5000904773095,7.1207045581850235,53.131291896358604,lentil
32.15115790295075,75.91140004355884,17.721635546820536,14.465460937997168,68.4628032201598,7.555376586207321,63.879624345098584,lentil
31.01373029828745,65.88110468801757,16.267048254594837,15.789295943304603,64.55282826709123,6.96070460201559,50.166940713477906,lentil
16.448430515573904,66.66372270273229,13.786447576222848,20.82485704065447,65.61214449794969,6.912778032857359,26.31426866876988,lentil
2.0170426753069677,81.07964192549343,24.437109665054457,13.128246472290098,71.10513840567725,7.461240585116554,48.10940305752324,lentil
37.17733074902111,70.16719642122882,8.665411776406481,19.095507003144963,66.95917841370184,6.698351575610922,59.338970921935626,lentil
0.0,77.9056682744279,12.975026371156378,15.045161624648902,64.08940182154018,7.216486464021818,49.09810158983574,lentil
9.088090010731461,62.939107088081116,10.935661220980304,17.32596029511039,73.60016971608728,6.997868531178062,66.48535636898633,lentil
35.4648160527143,62.11981480963033,18.507413975557082,24.513578583187485,76.55474729583956,6.163797737093824,54.678707901522664,lentil
18.006719908076345,76.26453110858762,14.040169860119558,15.481174883877983,59.591434277651125,6.714035726900784,65.38310417022535,lentil
3.8255859222134383,61.77386100040681,5.68790087598847,21.02135347023712,75.16824079544912,6.836463284568107,37.55126587966942,lentil
23.438662827394765,82.74482007378256,23.26888598051134,15.907374172574656,52.04941942410848,6.442436868668256,46.83048625781163,lentil
10.136069721590468,69.94967705990759,15.576607870110127,14.825560706116764,55.583746948375435,7.7811772546866145,67.22469372959108,lentil
38.7662154219355,73.39950900755103,16.560068731081287,21.970022767469814,64.73545598910586,7.110420885145176,43.929390523112026,lentil
0.0,84.04735012294853,23.92803156766203,18.98946918260553,64.50579150183552,7.0817139101930655,30.06802660384381,lentil
25.398952227687253,54.929016556008676,21.488547459764376,19.684720411713315,63.41064692941678,7.185433896235512,20.216640194143743,lentil
6.410078749248431,70.36717121026393,25.428397236968415,12.375403033494868,69.17616508088614,6.728399249811831,40.17984781731469,lentil
1.925784917219552,59.48382759813292,27.72900260424249,18.09859012194064,61.937772786323535,6.941755823684483,57.23029561660753,lentil
23.285933953960054,67.24972999603199,28.743672887173346,20.91138791072,68.30697623304317,7.027305891455035,61.43302737798848,lentil
21.7712090616142,78.60800071805947,27.19649101390646,14.945238295746815,56.31229463406635,6.649375227797962,69.40346725167302,lentil
0.0,71.94757389107993,22.90034472874369,21.487944176058576,66.4427095253111,6.3283953047080495,21.01612598379693,lentil
3.8160537372261043,62.620560336668596,18.536787460608586,14.50367542133683,76.76529592521831,6.33735931402378,78.652585596562,lentil
32.221956377272086,76.98302549689035,14.449867140025997,19.027352637530704,54.781030931595055,7.455453517516875,43.15038046159328,lentil
13.088157424959778,55.7625515334373,0.17995105096786546,14.884377428892732,73.90238556490326,6.798583285762598,40.76677857212382,lentil
25.866652299461435,86.05668878116265,30.60003723956511,15.082994988551436,49.45943542850075,8.179807129550053,101.72479029148633,lentil
20.26144315715139,55.295117544181785,27.705812271151515,17.67604894196217,64.09615101514711,7.4472294215525645,53.35936867183246,lentil
3.770221067820657,64.75258064918026,25.28922342929077,19.530756667215055,67.09613259486781,7.466711477237932,35.957075304568384,lentil
20.144037302628863,34.244208998223996,16.40279844925749,20.291708725726934,61.87684426306286,6.766886304141444,18.963676205629536,lentil
30.040390712749748,73.48463273540571,26.603316782584677,12.821358114126332,63.71639965387493,6.859944496124997,37.98570733503619,lentil
10.60766947538453,64.53895728219985,26.797158261653216,12.261445939956513,79.21835814424362,7.241920562513231,43.94170260849468,lentil
50.882009756475114,53.48165254831565,13.682392758791888,29.63677370282834,75.92448296345742,7.076751709436721,79.25136677962865,blackgram
32.92505204876647,72.8684206896749,32.41791674379566,32.986580075022346,64.34835209777697,7.437745423632735,82.4379238651803,blackgram
46.07905206036731,79.11953360860409,27.835821630699733,29.618524209375348,70.13503249182216,6.908452539420103,44.92319009211056,blackgram
36.76607493155216,67.23721848260418,5.707352086576064,32.580997678250164,42.861396619180816,8.45740846974316,105.54697834490797,blackgram
36.86789530993224,68.09426360563774,21.423774988698266,28.232518836033172,66.5409531806955,7.028000011149169,65.64318206922584,blackgram
42.177532761767665,54.86472201646006,19.316557793069187,30.490343239852432,66.03079697084732,6.992084622281922,96.4464443992343,blackgram
35.75616934142138,70.27325906823191,29.378380271404367,29.76187157993906,66.7157061397404,7.0518076818425515,98.93424483908998,blackgram
36.907305260964456,80.83354577288206,18.171296842823484,27.42162082965595,70.43498536459296,6.947666083122171,83.51252247747907,blackgram
7.2471473809151945,68.05205261894946,15.323157609940157,26.810223940406168,60.574071985281606,6.813148427853674,66.80035512873548,blackgram
23.59208246458053,71.16273780259714,29.929718281646302,30.84278549084348,71.47190887383208,7.647281227306897,98.91223780460442,blackgram
62.44166431385567,63.0079800172407,13.252128118711068,32.35039694497421,70.6661297572592,7.487837649807844,115.23206135625631,blackgram
40.13643890558193,72.26156559646185,11.1568939881322,36.405963371927875,62.307640630327114,6.945892035919584,59.331252724793934,blackgram
32.261249696267946,60.705629511523505,14.8103657368838,25.902612215847167,58.717456637894095,8.074481555723809,86.39137859103421,blackgram
51.110850120732614,79.77208787416915,33.67307651489912,24.68573234566847,55.16093507770768,6.698138169552657,56.256755087760055,blackgram
36.39316731297701,63.53022447193959,20.754471305056434,30.105886172235646,59.217321638574006,6.0122256115062145,43.178282365532546,blackgram
33.4091361602491,65.5292056319228,9.962660325515705,28.52758060051074,55.95210089211531,7.037090324225833,41.172716790934615,blackgram
29.813144123554427,54.91315869010861,17.77199443544173,27.400656690142803,72.25427413340344,7.3029251333464495,66.25370329540893,blackgram
30.430174031874536,71.80520305316303,24.525607114789096,30.42806523660489,77.82961484373544,7.329818659037407,90.84018043920085,blackgram
41.602784986431736,74.75664453256977,12.625750138646598,28.62480491036162,67.79490842785904,7.2710497407786905,80.69029557358118,blackgram
53.20471470734475,53.75028828184588,11.204379619117631,30.68871792322276,59.205090945572316,8.788884120644681,80.8929904792534,blackgram
39.06002981283811,62.84530726916141,15.158701734455644,30.090421983945532,65.89585546097007,6.871650427653243,61.171193837002455,blackgram
56.13141490281516,81.84504962651035,21.016271839479018,25.976220818289786,69.30802525311235,7.8771412208055125,102.24452754905947,blackgram
48.813110233716,82.22422955285822,19.427074179832175,31.884308909501115,59.55379546939856,7.246132728077856,101.23835609926311,blackgram
32.92691906215731,59.38556570535714,19.779911512189575,29.320013388828002,70.19318176856336,6.873370237026479,110.96099039006785,blackgram
24.523886824467333,80.53734786219735,12.881206173535176,24.61205179624793,66.90300125079094,6.972696006993058,40.259765802424226,blackgram
19.82347729941683,67.91639212728543,26.80669513299054,31.75486047925933,65.45365319071412,7.339423786608867,67.31964669055357,blackgram
22.843309083635546,53.79106014776556,17.37465176812257,29.51804014090178,71.80786142805412,7.478652111887373,83.12832539397374,blackgram
36.63660744307383,54.193478298898604,22.29656909652819,31.575507939786505,45.89174830017851,6.682830906708668,50.7236405651526,blackgram
41.420202413481235,59.96639567234306,18.69492344940288,29.368395178941025,63.726804227698175,6.741802853149626,52.02537364833306,blackgram
27.036795282631687,71.80067440573832,23.568821028730945,27.688146149623982,77.16512076813636,6.942699276278975,106.25464059491402,blackgram
32.294473914020756,47.73422223400564,22.21758259929881,30.74563531535696,65.27515036246066,6.778883760778005,67.13569436285452,blackgram
33.86488650556567,64.9765043366825,25.7330580461206,30.55265168859028,69.87961109865581,6.984065746687104,59.44956635488062,blackgram
26.158209629336277,64.29963387431803,0.0,28.229334101083097,64.34500658247329,7.381836827135078,61.28305306187608,blackgram
44.172082506939994,46.202113386097544,18.545305182344404,24.96149162125979,55.33357187472534,7.006417226068069,99.90659969683887,blackgram
44.45448116164071,68.18230997137117,18.843756884263183,27.859113320386598,60.64813269301853,7.313688022735398,33.36598703888764,blackgram
47.11664860339626,64.11492932881147,25.604456598956524,32.88328037169625,51.61532789995408,6.80920961838639,46.6118078014844,blackgram
18.247264419122285,57.674667237905894,38.53004676212272,31.82852968863732,80.33830374884603,7.514549220009167,49.45392097478811,blackgram
35.418745639911485,73.88436180240308,22.50004962778429,28.267973952875,52.92005463536634,8.743880593694369,64.47125819142985,blackgram
36.09113328180856,69.13334463905302,17.058171285511772,30.36818672311645,75.29557828893135,7.037725760156788,38.932239016805966,blackgram
38.06027446625667,63.35598218590089,30.39119149797481,33.51335719421271,65.8602000034464,6.460632072590371,37.35269341400135,blackgram
40.18147913901464,71.3632296932128,16.00301744539156,28.559491247378297,60.25760613457082,7.088303019878026,10.0,blackgram
26.784080454763483,61.72949154552649,28.660025559615363,27.55855907421321,66.44374513464965,7.213271375465498,100.44791264151905,blackgram
55.150928883569804,67.42497031205083,15.196122070484456,28.00850069152293,63.071494220273756,6.8829833228382,81.8406852339558,blackgram
45.04371780982245,73.91801191145015,29.07426969148935,35.58860736420053,65.99730714726046,7.649731885697826,59.20849540414462,blackgram
54.220083802996186,78.61509157175844,27.06732775954393,30.282209523574572,59.65313468807289,6.402735781067261,66.99906981197252,blackgram
58.396150506990196,64.90155098635927,25.281012683680437,32.5318542015568,62.73051023258262,7.758172418759759,10.0,blackgram
25.3269966551419,58.8436770364154,12.442279817060882,31.008788853557686,67.32030242443122,7.296995286087504,82.90203735331218,blackgram
28.598745170252208,55.81823933192681,22.1705574560629,28.10930377906068,52.436199637056234,7.585672142270741,102.87754766255745,blackgram
58.68593067638391,69.8700772147472,24.00745676778322,34.10960467008573,59.868673679812524,7.655338842027046,74.88490585358022,blackgram
50.96453982811109,69.86093020875936,29.370053677984014,30.67057128762461,53.12816752426066,7.8259633161573605,44.3117314756972,blackgram
55.03669852292697,67.09757118559678,28.40808788158165,33.404305844600295,68.44114379452297,7.354267658813565,78.56571542981415,blackgram
15.834102924627068,69.18330218898203,10.07148659142484,30.51356143123699,55.856459628934275,6.507524029386962,108.12336254384755,blackgram
52.833368657490276,67.95857415055846,20.478149201992192,29.256251922770975,69.55901100783618,6.7619728167255975,92.84350657169894,blackgram
36.96295790783067,63.80153004168771,19.17370414787874,28.22655951022317,67.62945879597186,6.8313187053433,79.7130900704709,blackgram
54.59207846693772,60.806783131918266,17.95539634163863,31.383992139106265,61.51314116014875,7.332160280413333,81.8849715162935,blackgram
52.999141315531645,61.94009953915088,11.457798078156204,29.07726783130877,57.2579812836232,7.382249102023748,38.95621749558972,blackgram
67.99619701903225,80.9592786157375,19.100606156802513,32.60218347899393,51.905585085513664,8.361686665699779,53.24463469498776,blackgram
38.554031033207686,49.440667128115635,22.890298437927157,26.680967528768672,65.81324609252823,6.82786278353773,41.05640162674141,blackgram
30.347661978848596,70.25788034085521,8.748072217049405,27.75356498692927,70.30618705011582,8.401239937437156,79.93972048882512,blackgram
28.99286029387255,64.32885829927689,19.252712049220627,28.951725148092876,72.22446533389547,7.208736741507112,90.69630962274675,blackgram
36.226674516428446,81.25500219721256,17.66811532574763,27.086430392586024,82.41856304833777,6.187511126519441,49.53153186737681,blackgram
32.475665778035264,93.08306273056563,33.45487107317209,34.481784430926595,62.35473070098934,8.313089001920886,77.20880009602428,blackgram
51.727160443637466,69.79695381106207,18.604267429413987,29.244663978220863,63.3228800526467,7.404245824339039,77.1799949693847,blackgram
39.622343557555794,83.09523992698854,0.0,31.529661743763583,70.74190965327183,7.673481434127584,66.37821397366598,blackgram
42.49504080860749,77.85948383314721,30.929331234241438,29.098392044463694,67.13580626502048,7.939286982174378,14.89932310302872,blackgram
31.719848802224977,82.65835978602964,27.740302668866427,31.567335632780082,61.41122501512704,6.65909075050729,53.21960951894066,blackgram
58.57609864982431,61.715573108446534,19.811383713917262,27.738877065414762,71.74219224079222,6.830636859826779,65.56015274613965,blackgram
19.799414403486093,51.8663176379506,19.06138554657205,26.024528534406713,81.84069311467601,6.069238443943875,47.99561753339739,blackgram
40.200410407210605,64.34867062204215,10.166836346688648,27.126216481514195,57.074767380006094,6.956639152589968,116.79822723793559,blackgram
40.935247558698514,79.82900489387524,23.055810766625132,33.34158719394666,42.60028557925131,6.947770989425885,100.67838557876784,blackgram
33.13917012700799,85.62473164869613,30.871121230142094,28.592607851617615,60.974691847629146,6.593197078822765,52.260144203405055,blackgram
25.208931229973018,72.28811180433006,7.3516280532285325,31.811199048570664,70.02462957520198,6.269397797408038,106.74546515820849,blackgram
46.16331153298266,75.49698021444868,12.93067838765782,31.867137355419356,74.01114759777653,7.050695800497661,118.04806148120903,blackgram
40.52877561895525,79.40785800452474,21.34407045806924,31.756564598570602,51.62934185892182,7.285526869107681,49.62562246856835,blackgram
29.843220330667748,85.44103184465979,17.28983801550121,26.99009450707351,62.126946975129,6.449774885539043,103.84711170490675,blackgram
31.65183107000182,73.29299933943669,29.8488537136826,28.499541956355813,69.25617945818229,6.584956972547785,129.1442392278421,blackgram
51.23656161539947,66.07393561239194,12.817330152888289,29.65801034148112,62.28013022118785,8.076472276999754,37.36163194462745,blackgram
41.61761707948244,67.8166193336629,18.060717597241045,29.674150035184972,64.07143351903613,7.53653303316605,83.22461116231088,blackgram
45.02693933647344,37.66010637854731,21.39835899330531,25.033081919489753,70.17056130508661,7.837248683785257,44.84402218528623,blackgram
36.858631331887516,62.00644294947003,28.883454206054406,30.28508365581622,78.82663504453066,7.3068771014736935,74.06125451589548,blackgram
40.81848139123404,76.17992099257337,5.0985104140372535,30.25603186656153,64.43962845017629,7.4627094135788825,63.307459853149076,blackgram
27.53518679004796,68.073506749197,10.337275769053253,24.224213362237542,70.81697985188394,7.3895307863473345,79.67727359983937,blackgram
55.635141063349735,61.34968109696075,7.55108685782996,29.789910669575868,62.21999760235272,6.678852141614965,66.0037711628051,blackgram
32.660738245544984,49.63994716643169,15.470586473649917,26.59087449988843,66.85318457288739,6.7719826208796725,95.79078685352628,blackgram
59.24639280721439,74.79381373011906,6.59179054413344,34.515587996637116,77.60576360299012,7.10939525565397,101.0731540083883,blackgram
33.37989834343986,49.337540651504106,12.91772449102725,35.18790259813427,53.07136061110821,7.099760640965747,68.8535973335053,blackgram
33.84430907238626,63.56478400162885,19.577993073889623,28.313512974195817,53.62353202265655,7.207515971471728,94.83416456112431,blackgram
50.43487022384105,59.90264532610188,8.990176676978594,29.147436353535664,77.54233207836532,7.422799039479773,85.59911691985585,blackgram
50.67828342142593,72.20766562518587,19.96486838090863,31.986920689943904,60.630671166255844,6.392768494316839,86.07492336560809,blackgram
54.852857268990704,56.81768060643969,25.575371859327202,35.04229714016457,64.98203038594303,6.690998907629126,71.0754668381689,blackgram
33.39359238159158,61.832698900435986,22.465472538172342,25.188811574910314,53.44856862006218,7.109645440186971,67.44228652718922,blackgram
44.12265492447923,86.75225388483389,19.836112288606568,31.794516451004384,57.19573651508294,7.483968831758268,54.84022837223306,blackgram
40.85704999097312,66.91151374930838,27.263793879312246,26.070070336875002,46.734090923079684,6.9932836514560375,79.7132814226281,blackgram
41.82723250969,80.32204237413912,22.498981393437347,28.30845500442042,46.39663876688256,6.98134388290239,93.69897505644495,blackgram
35.29542660799463,68.28320263677765,22.37088203445367,26.95412287725055,69.98588717311054,7.918560895000852,63.67966620266484,blackgram
26.45122693801238,67.33398972978026,1.2049271311290504,31.010709791929848,68.61819502118863,7.937818146922781,63.15013018583437,blackgram
44.90182405775764,59.38711897614099,16.14858303579937,25.424443690013405,63.441683029734115,6.9473454232407175,75.4799941522224,blackgram
32.51683743600833,68.83345350975092,16.332959555138675,29.00550183510146,65.64289860770424,7.120261471158504,87.02935097629097,blackgram
38.55228359044198,64.50114650876996,17.55354043930219,27.85600764947702,62.12071125146663,8.115579356536616,45.18303098260333,blackgram
36.65612399344829,64.1251133673031,17.022627102044805,29.006282073364815,67.233920809768,6.244912449304103,93.92928681330011,blackgram
28.59099359570637,35.57128413936865,1.8473818163807891,25.568783561575795,83.05866830858302,7.990145949345388,61.58142412435683,mungbean
0.0,41.103444950990564,19.574300509816133,29.26105066289429,74.48200911751661,6.6325048860114695,30.059021559736482,mungbean
7.7548972487722025,50.59595646698954,26.19101738754258,31.02312383088486,89.59509080907101,6.4513152334298685,65.86374403658765,mungbean
24.708653257251456,49.339418829520135,15.106455026385614,27.009371617975415,85.59109548899643,7.919937233492751,55.531062002284756,mungbean
13.665737972996569,39.67610555030557,16.065867098750378,35.0318803426472,81.8059468324323,7.1534352673051425,38.60179386321609,mungbean
24.134214495355543,55.91745274008722,15.424777201520609,26.57666503754169,98.27095755564264,7.192296447447899,67.7668079672682,mungbean
30.44731551747497,52.59575488311066,36.14220650540052,28.63172490563147,89.61809893760736,5.974543535702994,27.375982835218977,mungbean
6.590172001979514,60.74063583516149,0.0,27.293069931741833,61.050347178715015,6.284356052259055,35.72627625670334,mungbean
37.61845312552853,51.966279392214574,13.33486781336827,31.69789115919548,85.14265803623806,6.718783429353627,17.9332123057002,mungbean
9.11983543316233,39.74902700054476,20.37169018523352,28.733657180942025,97.35274130819236,6.892527583968917,10.0,mungbean
24.151703854460287,33.49983643832467,12.272232603107708,26.06349158482101,79.69329341190158,6.012425303979849,53.087050086307194,mungbean
4.07037257890849,51.56667607249847,37.89576861649304,24.511922823197807,82.72391756528623,5.438271318743765,40.476617675746674,mungbean
28.712605831577804,55.20639231357267,20.618909842272775,31.16779027427693,100.0,7.5561523437188,34.93697676475908,mungbean
3.5867521623991365,43.93848583426197,12.424137875061215,29.8540426435939,75.55045168456401,6.663588783704829,68.95035136340776,mungbean
19.791649526193876,38.53686177252204,29.398512460685534,22.863057165738518,82.3776395529803,6.679169988309333,48.397716459990775,mungbean
23.165952672936974,54.104398198094934,19.716740487637193,27.395825153568957,81.73928524272243,6.394242098980823,67.68858310817163,mungbean
13.241658246281824,56.467711090082446,20.151992658078967,26.93623557943161,89.94725772595308,6.336273037638441,63.954601018205324,mungbean
23.55271345430142,42.03675310908079,24.229078522676474,30.139769177065915,94.26015684647966,7.183073506204648,60.28185051815707,mungbean
7.468908585494841,72.48586988174057,8.771070311425518,31.347789522846927,88.45027053509038,6.112928813759443,44.89247652803752,mungbean
20.054965365064316,61.05582715810523,14.293512797758307,27.714164980726938,66.31144315982989,7.567381396561789,21.238293924498223,mungbean
24.922930370870098,46.98592170278136,19.21599226573328,30.929585954612627,98.37009968242907,6.825746834970996,64.37695044076315,mungbean
24.94669844072449,58.17531423930626,16.296668964109383,31.726171663249243,93.88399892517907,7.2412685043414555,31.4963033165881,mungbean
18.97994838915371,50.39466988780435,9.033263641367954,33.28476062425804,84.9017877319826,6.841963943802361,33.57488900681993,mungbean
5.077469287595726,41.95970114525229,21.75363350106871,30.52028643826108,86.29433232482177,6.873362008120975,39.57434063296559,mungbean
26.95498279494514,62.82832866385907,25.638315539511893,30.92862566475882,87.35213119445305,5.948422465200199,21.88333673421892,mungbean
26.45850960796612,47.89060948039914,23.518743091782625,33.52927025353222,90.80828799383467,7.329443102871411,50.367034736768254,mungbean
11.313411870186723,47.42133840785659,13.561985490246897,33.17488487031734,91.32312861228375,6.96025624831414,78.89858005570258,mungbean
0.0,53.881379513426594,9.514833725565019,28.478232904603015,82.50633926026228,7.0308683060484745,53.704682224023884,mungbean
37.141406083341465,41.98102839067386,25.67291511706627,28.986669650696495,71.91767783942758,6.240691770738484,44.253049161945796,mungbean
34.34750939870074,52.637230575571145,10.659993408954286,28.07905131585852,100.0,6.755611667420429,39.81686062319011,mungbean
26.900875689074645,55.6339307958197,16.35065322015953,30.00772432311431,82.36888402663352,7.059663800914719,52.2423289492821,mungbean
26.783613924634707,40.408164538324954,13.429708927417126,31.336491913978186,84.36482894891606,6.842517371049681,40.34011432283701,mungbean
31.784721288163727,41.92190019970342,18.915190080792936,30.857978438109395,94.38374159331413,6.438120354486658,96.99209954889707,mungbean
24.758900324323395,37.57071738191262,22.952416388719744,27.35100235654963,88.47254789746542,6.678571876169832,49.85684225475362,mungbean
10.06087948096625,57.9006123071636,10.750981062791743,25.173705313785014,87.9388827931799,7.501422123588985,39.18517257338982,mungbean
29.411667872447588,58.73340176863545,26.517475498352553,27.566375132478957,76.2716262624474,5.596226217164323,41.42898751344017,mungbean
35.1370484227461,36.75834015238066,25.601678780150124,25.649542409844383,85.8485806110947,7.053895807077509,31.512614079039306,mungbean
23.04581616836297,43.84908663274671,25.641189271505414,29.20595150545391,85.45206139543414,7.479174980070989,64.55765355920755,mungbean
12.715777606484531,47.141360992022385,19.392809719362713,28.740958717875635,100.0,6.8854259463554985,10.0,mungbean
14.486412339396418,28.676279125041916,17.36161394363328,22.538069310820717,78.02727623145257,5.93963923518294,57.60400444918694,mungbean
21.006472351546545,51.02962307498731,19.163588891451788,24.317106749386745,89.10817095403789,7.661112280134726,58.23031446516367,mungbean
15.888904808189208,33.71932823894555,12.735464233920277,29.859118969716178,93.584944214395,6.830433087360988,67.99718224264959,mungbean
29.492138928326916,53.065343913859174,14.732211237909953,29.02177053592546,78.21297756894289,6.708714476479051,56.2715882766728,mungbean
41.145405688642256,34.90268025632368,23.852061047930444,32.94370977487078,91.07078212671037,7.116472721412521,62.6923725466953,mungbean
36.580013877305,37.12521831887632,8.912586672238028,28.48099757860423,67.71070317142632,7.315322902089006,78.51787988738603,mungbean
15.799793338985687,44.2922940333949,19.42122019879463,28.656061951318858,86.01739135355429,6.979116053439152,43.684341174788045,mungbean
32.318319641733524,52.459477771253034,15.144292433018915,32.50533800341229,74.1339441110201,6.653917094589262,72.1729350268867,mungbean
12.323122741054265,51.095556467671514,24.346716775992384,25.91842839605628,84.42017824324772,6.621748084895395,34.20655370419268,mungbean
48.62009822460929,40.36893646554525,28.039442352543066,27.321596949356575,76.30691048891775,6.751407121577534,64.22733460968752,mungbean
32.04611490078815,63.62265110655069,43.5619703194808,29.251542611266792,79.69526260939689,6.926437163397446,41.34467623983771,mungbean
32.11159355822676,35.02835703634278,38.9466763392035,31.06814428432654,71.52796785763068,6.345485548842514,68.40202610284847,mungbean
35.11612867405746,35.277623727680364,25.70420680346359,22.65798038201423,84.28531307623163,7.256023421051603,34.21210674742549,mungbean
2.9169324103438363,49.46214796377559,15.162249066916175,30.388675098197506,77.91738854225552,6.31368155517345,10.0,mungbean
23.039336532617796,46.39095061723401,10.492922634079433,29.081396141301276,93.21656240515311,6.592216028290525,54.70417374554934,mungbean
24.27973499502197,35.9567017282104,36.45268656566077,27.087450509633147,90.24892961488217,7.084607638614525,44.51012182210621,mungbean
28.281540300715616,50.458192218163894,8.658881942180752,27.503181896249735,80.0995927811675,6.469127479326937,15.399920554084055,mungbean
34.51720460095236,64.01992654613413,27.82402380798727,32.311587672441426,82.24292130393475,6.381871582506982,28.535323829707213,mungbean
28.72877907548667,50.2706305314415,19.382226307212594,32.38544563258603,88.23953083052274,6.280671181239708,30.97727927160763,mungbean
29.183919591049747,58.41732852654597,24.413441858047754,34.19066624361624,98.08005732585136,6.920517917425381,27.035483512962443,mungbean
5.280149859218788,44.12618254985285,26.025707571329256,33.97994123793581,88.3395762752864,7.284361397115618,41.867312845304944,mungbean
28.473229502730604,56.23356829477173,4.163245793179774,27.25968359287047,92.59760307422296,6.837234167818282,18.087123796226674,mungbean
0.0,44.34219254697994,19.42731445684897,25.848231150514962,86.14467949622396,6.953193373616448,64.76717926815581,mungbean
0.0,34.8571490219188,17.563018813162117,30.216519393112392,88.91387210840028,6.9359349739383385,38.414551450776706,mungbean
17.068398752280473,40.71670731578259,26.145553024846784,25.738533636781266,91.80029116151655,6.8039266190688235,46.87388803862116,mungbean
13.1194752026824,34.444581388358735,14.818777948975635,27.50997939412534,66.04780550734999,6.601322422332668,71.10893420065014,mungbean
27.80661486520647,43.03794124258493,20.375490387321822,26.831506291734,86.19008586668556,7.470053911872016,72.2124700656219,mungbean
27.249531668313033,43.07115087616282,25.99950714355871,23.43936914588084,82.98117214407287,6.991855709911976,66.51053035119378,mungbean
29.03861388258889,50.948306892096944,18.434200167328935,30.113927909479468,77.37711167530959,6.2776613683533755,49.54336691150742,mungbean
23.078371712504968,29.743848214353537,23.64117104759615,30.81818513375818,84.38171810026964,7.887233141641996,30.926622342120346,mungbean
16.666954039357567,44.049330938727906,19.39049910967186,27.513825561101125,73.74551564316103,6.426725851881763,45.5594826056481,mungbean
35.74286498474397,70.02243273372913,30.683791182805237,26.17386291098218,79.43352311499068,6.620335711245325,92.61397222133965,mungbean
19.014911373817277,34.72492509462569,15.990582904375719,30.77116800545825,90.51952221516869,6.599891666754172,65.08536683900077,mungbean
0.0,49.03829235032698,26.88548337094904,26.001410174536396,78.30929170802969,5.766775923618263,87.74738987026736,mungbean
12.3581522757412,50.410432778621114,24.831336331866996,33.03620384742436,83.76881780811492,6.430285103110791,52.32669121426384,mungbean
36.408963318507446,46.29827468599216,12.36104734732739,23.877726575053913,75.2296209231582,7.1321957487033325,39.98438809232971,mungbean
13.709749080951475,40.84032776816058,20.680366881601454,27.78163471870325,82.81494285024598,7.374661963905369,86.45040704654083,mungbean
1.6797399250920435,51.27592731142958,13.785103211028861,27.75524665841672,87.47422708101355,6.593640041534541,53.76149701569083,mungbean
29.07564247238301,50.945768005403195,14.825309566659012,26.61240117908903,73.48235762705572,6.273039851239641,97.0517090474632,mungbean
11.495957110857066,36.066211875561805,22.559422894758185,28.16890572212442,83.4352541052062,7.4045229832060455,61.72816688895913,mungbean
14.640084819558295,43.7552408240822,15.97930788875452,31.124218864740772,82.5348189643749,5.8034232487729245,46.792008031641394,mungbean
2.55568798646485,69.84230601754902,12.274656689222152,28.01440570392681,87.06562187760909,6.555670919660385,40.74923996334518,mungbean
26.061927433930524,63.262159587962785,26.14007265453838,32.935541635720625,76.62704713525198,6.858681316627681,51.88115130145698,mungbean
25.21309550012082,61.762319706355726,18.233686801663566,27.283489900337738,89.27184637934931,5.810898636217076,42.07869877194554,mungbean
19.389627728574563,38.796413836930746,28.456472090852618,25.31327904797015,83.91301561308963,6.846578612661484,81.83628903690297,mungbean
20.87332278142976,57.361535941282106,25.60476317821702,28.87037266850743,76.28389273381235,5.982709569547826,50.66263503547966,mungbean
14.487637513168638,57.19261091681292,25.96685214478862,27.94616701668885,75.73829660846985,6.955367774803637,22.55126384662124,mungbean
11.89843292482962,38.205842617848454,18.89199182448037,32.01057700221168,84.95967303821178,6.478390653786152,10.0,mungbean
27.625495016758116,40.19595394071372,20.940140953264773,27.437344152250077,91.7054177567955,6.621381803985724,46.52684113692371,mungbean
26.828965769465515,69.06940182263186,27.107575442868434,28.234181680954173,85.0255839249223,6.437570269837783,24.25010741200762,mungbean
14.366990555204136,40.278510362880574,25.226947070367082,25.28641542639304,95.66568449104035,7.076023191809415,48.51254323419171,mungbean
21.00382333758082,42.42718690385446,22.160675290782113,31.764277389625768,79.37474830195349,5.933303955540635,65.58045637141859,mungbean
24.892391690925606,36.798011985588204,14.132869032687056,25.92268717784958,79.20374184772601,6.538158622979406,41.336317392981314,mungbean
13.190476139178477,40.41836180500072,18.169725248644948,29.003074604578686,82.46962770908124,7.279333511670651,60.70219286051966,mungbean
1.90984971769565,53.23727765413854,24.84435186068466,27.195795095627425,73.03841930157475,6.704033379705568,47.8072837129439,mungbean
7.540245161601664,33.487807837400645,19.299571628372483,27.800768423847533,81.66187707742085,6.65829463262672,20.430590654492022,mungbean
15.78215264560663,53.333250306143476,17.20023935718969,23.484082584622342,81.21846177821142,6.16492076824657,54.67840741154327,mungbean
24.826048840565104,31.41225374913969,26.072103764657513,25.163441096164323,97.47345832385881,6.675611867749692,16.840162536520943,mungbean
7.296167151687822,51.480952917873445,16.86960088081298,28.210038271145578,97.90224186157631,6.350377967885462,49.49907144239266,mungbean
38.03813384847663,50.705134754664,7.147178117135953,30.01616703519641,75.69597713773244,7.403403764366483,27.428309875050555,mungbean
56.634114092947975,62.67375988327678,13.62709944297617,28.560041415004832,91.0291542530677,7.091830237113354,59.05840649940493,mungbean
36.02590844359332,46.77031053365631,17.066258651391735,27.159408036226168,54.86698585577702,6.982590520151323,55.28209164225641,mothbeans
30.542810991086185,27.489475921461448,22.480550591001204,28.855706666621145,61.35046465040564,6.035706008868166,86.92966580941895,mothbeans
21.90490954709599,52.88989530660045,33.40735030087501,29.88228380401672,51.20294631570049,6.921145592901159,35.91304662514058,mothbeans
20.658130505875285,40.84487233877251,19.643464804596142,21.19220790883471,51.43231654054039,6.739131373108187,39.594906583330896,mothbeans
23.637097007281717,33.664360770345596,35.434159972970264,27.8916976155372,46.83324453622248,6.317301894933538,48.59865956123153,mothbeans
37.64351868327937,58.35916209432034,26.835502009124447,29.839196855001813,45.131659779499124,6.0749184164816485,42.97403070333412,mothbeans
18.169542425595875,58.48794439671241,22.475123539678563,33.03693458371065,57.57990832030539,6.571752195247952,10.0,mothbeans
37.626902807297775,61.59385223230744,9.070307272782191,32.7277200594825,51.05693736474014,6.880342749062827,88.36958135618318,mothbeans
37.136222078767375,54.51330951995204,23.785736526495864,30.04918287159108,44.799540528939794,6.772449275133839,25.442071135136434,mothbeans
17.003522691132975,44.33366121331067,14.917557043026683,28.610239507945387,45.40815319439538,7.0511173601759864,10.0,mothbeans
19.639742470712402,49.31551640177496,17.514966081304955,27.682821900572307,35.31803191416114,6.978238552334746,64.19014956417676,mothbeans
26.922447530445204,58.38727059442183,21.612236846260014,29.63604354195281,49.248725907654816,7.143775359796247,10.0,mothbeans
10.277028384263868,63.86899657033091,0.3165134232303579,27.779466210523967,57.37819967686455,6.7533696672291175,37.874723213732565,mothbeans
22.553060121783606,44.46879819997554,20.246795942055513,26.14985689043961,56.86939535964579,7.51163246053283,44.66524194720944,mothbeans
4.362126951705079,42.761568296866045,18.528090719176287,29.716616630709623,39.93589421463457,6.4154188406789245,60.76690344647018,mothbeans
32.26690598447469,41.78405954829316,9.334263568392032,38.05235460386365,54.26643389670971,6.666498119116484,69.725781888271,mothbeans
19.506520443426936,56.67156889100186,21.275145582209777,28.47381569450272,47.09134505415369,6.076309333268455,96.45237248482849,mothbeans
9.70159295678708,34.39976423689406,18.29712093794906,25.31558455946848,47.586297675517834,7.143881924280884,72.88257251323057,mothbeans
30.77676865946018,44.9436794521432,20.396734621292687,29.42363715269247,33.937700608463416,7.085292350059929,11.567517810404212,mothbeans
45.484159186877875,43.95484915358305,18.52099858244327,25.890878702286432,42.96023974515448,7.93704678457162,71.50924221558245,mothbeans
2.409570658225938,63.04212900685229,29.545938201131452,27.356362613135133,50.4535755362387,6.792527960289463,97.31449761117331,mothbeans
11.444517732094916,49.46010609775727,16.574837352057564,23.900878786146436,65.53310604043989,6.209216710448794,53.5032296871944,mothbeans
0.11159272343597593,44.00929460756907,23.37575057146766,25.72579806149291,52.69441480588524,6.6654794540559585,77.00206280996532,mothbeans
37.34113096008268,42.132552392699886,20.613862875143656,28.750362679416696,52.95479436347759,6.807190998122133,52.75527398357106,mothbeans
18.079122302458565,49.152398669720185,30.38352154828106,30.13824972363556,53.61004511554695,7.161535162067789,44.15478055297411,mothbeans
24.825924522954367,37.148263216642555,30.150461250535656,19.85111870297034,47.302812861316596,7.370447988575137,13.90330165926646,mothbeans
25.797359011402214,41.19233553420973,17.04957387848905,31.037822881918313,49.5844554070812,5.782822066057818,23.58936150671004,mothbeans
32.704028818665115,52.489427181929976,33.985084580194275,33.24794278203989,45.26203895882566,8.051618902534743,48.61199174629777,mothbeans
9.447977587091694,41.663601340894225,1.9461991576846494,33.02105702474784,60.75809591235091,6.292246280593339,42.302892790452354,mothbeans
22.147290529350933,38.396469478578865,5.959183749830707,27.568927188669264,45.431364564326024,6.605794379505612,53.567901565024115,mothbeans
38.15423590231191,44.96907280308274,21.363543989770903,30.38061157123481,52.43314341210199,6.492788237776079,50.4094280778509,mothbeans
27.57047784202864,36.71648662489223,30.108312086372067,32.494766715642335,42.217757956444046,6.896835009174084,64.05695641677579,mothbeans
14.452630124054968,52.81613845688094,21.306045010337325,23.796245467083597,51.67329052782846,6.249928791864482,71.48007129155118,mothbeans
12.945467098393335,46.38714566338855,30.9782313075726,29.689144939586534,39.364208643403636,6.292541714600458,33.01743028440686,mothbeans
25.735729000279992,51.58299814932768,13.255181562697047,24.698371543156924,50.25266724068668,6.709069967104919,101.93039718619343,mothbeans
21.439243878756947,66.14252827700275,10.63693121516528,23.480361181314876,39.03931893979572,7.394564890726733,91.90253974233835,mothbeans
11.613846552568392,43.39433970240442,10.648152718300002,22.76508045864484,53.74729358221304,6.911510151481082,48.26219956684689,mothbeans
4.1993215540394395,64.3995668182866,15.973146095604214,29.80087927444943,36.3635087580422,6.704737405189981,55.284361405964596,mothbeans
24.92490261663969,49.546485432366254,23.956179936390182,24.808438631901115,49.57898084351728,6.856878841740139,53.79181710487652,mothbeans
21.86814260783018,35.26787226086603,9.45760198312821,21.557195442346345,54.54027607876238,7.213828754867599,69.08875728055301,mothbeans
24.68147954953742,26.66880782281889,11.786316065717871,28.711246252779336,49.084144022334364,6.688625893423989,57.22293007270617,mothbeans
21.139820492222945,49.207704655513616,14.88747733734387,31.14603295836477,44.553827130556925,6.134675458489687,28.725024679531785,mothbeans
16.818405703656236,57.940027883688465,19.661856012521657,27.641555343103054,38.01069260189898,7.1927412949147875,31.70119614941536,mothbeans
19.799665692703968,62.80183076881865,24.070106648394436,23.315237856854477,33.84391810918022,6.767844774940377,17.681484628129876,mothbeans
28.782560971595974,48.42263064964979,21.323078152190902,26.07977045507294,61.931069242293646,8.221296864005229,41.03538190608213,mothbeans
25.236470980980013,48.97417343064313,17.92250509247145,25.70378859680161,39.320256100156186,6.232201367237238,58.131000638728636,mothbeans
14.763906261556375,22.2170714985947,23.558865764786578,28.085216152607533,58.77338401120917,6.9865611985455045,11.033160092242568,mothbeans
0.0,40.80527615662063,14.999140634450779,31.0294776030005,47.92903254168341,7.3668442490492545,14.879173607434133,mothbeans
32.58317261256538,55.20989153430919,3.854127108550429,32.16785352378231,48.747667934130824,6.996022251934253,26.377597189289432,mothbeans
36.30296415506367,36.141476707611304,26.65673614699157,30.661822427726012,40.20666057462222,7.791686799711287,53.788212005437984,mothbeans
28.84671132325229,32.72879204664244,36.94184002406852,24.52632917932473,56.19909146212744,6.3026141410341525,32.52527992880793,mothbeans
30.465048526625367,58.27552713675157,9.829726007087183,31.471416507170982,56.35984396106555,6.331023295577554,87.96618983977775,mothbeans
3.517708461023542,41.75227417222385,23.83202099273591,25.63930114589218,50.110552685434726,6.920538039401648,43.32314325193199,mothbeans
30.988806463086718,45.716392073423606,21.852328550510446,31.639415632463706,54.32548968020672,7.1930086454071045,19.270509944580496,mothbeans
27.29751090601586,39.21501209030495,9.74868016177579,27.984880961145095,40.76563850678728,7.195308859419988,68.3633864923831,mothbeans
0.0,39.7169746042311,8.32170662465601,26.812112170221326,51.64140535895059,6.678855950910806,33.25601898332162,mothbeans
36.60211832175767,24.951428274037113,29.894975148145797,26.567135120533543,47.375127919097686,6.536318331139945,86.57220263847796,mothbeans
6.228258038336886,48.11736369721936,24.219509214879974,23.3669916963445,40.64081463643077,6.725910733250886,25.833374132890633,mothbeans
11.2128987453702,44.50137336923562,25.196650653169385,27.171846669365564,56.62740955578357,6.301121108670323,16.701943488163685,mothbeans
44.116144868653606,41.42041872334489,9.512703943422721,22.97383817468451,56.600827630471514,6.62934774266997,41.65725662334004,mothbeans
19.089579460960326,58.12942884669781,18.563761328192637,35.23216133649788,49.07008459243384,7.33089238347916,68.13099644761017,mothbeans
20.562632156903547,42.13029013979536,22.655711428532427,29.730296193621818,43.419311614987784,6.883169432975328,78.9051244564899,mothbeans
45.83937286883614,56.543693203494215,34.902077491042256,26.31187736638063,53.61505801647435,7.469259754290636,25.591666675700104,mothbeans
15.172918655459888,65.3790476183525,12.19920915370448,24.176609902032865,60.22385258911609,7.398381612490219,58.803006099594235,mothbeans
20.45147094425007,43.61475494395018,22.25559099047241,32.93942087220465,49.90852900913661,7.883479633623483,25.551450358994238,mothbeans
20.763830948060768,44.269413323360844,11.318867654701338,27.740748800971033,51.338634413283515,7.062115089976015,102.2613044736139,mothbeans
26.57360963668272,59.50136803679616,20.528753970391808,33.23416680135779,67.18759428470456,7.065542565487974,23.183524613710468,mothbeans
14.41433972667398,50.81934303205162,23.651984282005166,30.295275403153116,51.68158144984033,6.803492458127969,32.095038969946785,mothbeans
25.813659135170752,66.54987357480657,28.159428843422038,29.804111848908594,56.236535390582006,6.614467985549574,35.29337134791699,mothbeans
12.026578747608218,46.747133772305624,16.623952826327358,31.82482422195642,44.19741265854249,6.398639141887542,96.56442947076579,mothbeans
15.583497227023877,49.53528457250351,23.610582597947293,24.789920643237554,57.88387015602456,7.118559520205614,86.95960029701953,mothbeans
12.849336753382797,48.9912579247616,20.31484603995356,28.991665483050063,36.363082011382716,6.855418189346111,12.338402214406372,mothbeans
25.300008854363057,26.713508754814804,5.187305325675307,30.655646149319995,43.62529235844174,6.306070963183879,79.7711405268887,mothbeans
24.93151460794098,56.72090195533784,18.670063421433355,36.23888608170001,43.16388911552164,7.672247774679944,46.46584899750218,mothbeans
1.145875261047049,52.82848745748109,22.51810049164131,25.04603455728231,40.622245782922285,6.787651178457503,56.74369538119954,mothbeans
0.0,58.53121452523803,16.04401620948018,24.20475754680547,55.528532411615444,6.788191010290772,78.40414441955636,mothbeans
26.255427155757065,47.98485497051954,18.77816044015875,29.648138281668412,44.69174992952536,6.37371370562675,63.2477280663661,mothbeans
19.266145902666846,48.33567648069006,28.715038689236863,27.858370176792775,48.120271404334325,6.5001752442745335,58.76849834954627,mothbeans
25.197934952161056,57.00775131790558,15.366969303944991,26.82654909122944,54.33709919316375,6.926106501681431,25.344546845182634,mothbeans
36.678648812814004,31.01549431599749,26.274278026110014,24.40436389200541,63.086308131884216,6.027700136547188,76.8062662968187,mothbeans
20.020387679865074,44.33397430161256,21.48317325174209,30.095701017473438,40.764795981353046,6.3921061374157135,64.24012162782215,mothbeans
0.5118845562048016,42.15770906807914,44.32549563327552,25.295961106232156,57.18242233407802,6.507024615643093,60.7261286199286,mothbeans
28.852268287154608,59.289567351829476,18.397969385497795,34.16665391626456,43.285307483318554,6.91711020679978,54.13192330544019,mothbeans
7.5363825606070165,45.1412774502088,21.29210799390726,26.90363687061174,67.52739172365227,6.380688163200235,77.4856117035107,mothbeans
31.27751775778544,47.861378654957285,13.078327569182026,25.89523403882469,43.85626160626792,5.907129359026868,22.913364355017737,mothbeans
3.2102818156362893,61.45875003177717,24.947699139105747,30.55792229659638,52.71065561233558,6.883483811667081,84.51700830322844,mothbeans
13.670848131219152,49.06669655367045,25.976470622592984,24.23637230443161,72.7727111691404,6.814282881388793,51.54973626438982,mothbeans
36.08253638009906,57.149553330102236,20.304624155171673,28.590388314294124,35.96681175241617,6.521767111075012,60.930255403974,mothbeans
26.32671406851464,60.21165750004087,19.0359915342134,24.0381404597074,56.453843446205425,7.5180446730910075,70.45611432140574,mothbeans
19.036395949710105,58.44386051876579,47.43128382406571,28.545456943321426,37.506106462039,6.506857475223923,63.63690000760127,mothbeans
1.7423482692232461,49.69403074912069,23.04269320252706,32.80536521943795,58.4815588484344,7.232292395875885,10.0,mothbeans
32.052637536575105,55.05513386060247,22.047555016626774,23.009333621563542,41.78580872650352,6.216588615232967,10.0,mothbeans
20.965018183022465,40.0217787855722,41.00244464215129,27.693684181686272,58.350025246927686,6.015450487653387,34.747760349878256,mothbeans
22.162774512411776,38.91846051392329,16.622394521562047,27.546147281269384,46.12873611644085,7.727559286517673,57.45565713578775,mothbeans
26.75412675529564,53.396547743450704,24.9010110186969,27.951339048375402,45.43402902816923,6.8834080297591385,76.92009872283683,mothbeans
34.514858261236604,45.596015243115886,26.142749557344892,27.616246010880996,48.270964395481954,6.563238309222901,43.458871527344165,mothbeans
37.09596083459616,48.92421147339236,21.08226006841854,23.858346662226126,45.526048738938165,6.679342548127636,27.271412863914872,mothbeans
21.259984940442763,43.70817709772346,20.639966841948656,28.564509029456804,40.35396513741885,6.600649108758405,49.93435706902084,mothbeans
35.2115931738807,50.56719172795741,14.704518560660578,29.397014277731557,61.66039111457408,7.258353236294509,61.688163260890505,mothbeans
29.70708210578786,62.39954041428631,28.605014352141282,29.900281143352974,56.54913775672068,6.2591744518679695,10.44336869149297,mothbeans
22.885183807725962,68.68680709650539,15.648719571893938,30.17755800948313,34.09709130839011,6.0326138719710976,136.87611137805962,pigeonpeas
1.3643785788064875,82.94731007269304,9.126389850693416,25.93497982807694,56.26383806244107,6.623022671714366,121.29563258788133,pigeonpeas
29.189870511127637,70.89784478658221,38.66428449689174,28.911821248204912,47.87006543145175,5.871749021440288,130.3939158261107,pigeonpeas
11.090770854382102,81.71098813911922,20.143759320131764,29.39574137192419,61.1139807998471,5.120767928896267,180.97184411750936,pigeonpeas
21.66476294140001,72.35048371640444,13.372774226013991,25.434626804654442,52.910767118503905,7.492298900165735,174.08283282037254,pigeonpeas
36.186275057022485,66.0799872973858,15.198366203314976,25.35758514526302,45.093810202426496,5.273608783414737,130.87701642770995,pigeonpeas
14.275762127281883,66.24641825605158,21.054000877978332,28.78735260587683,48.88059702045632,6.009278456828621,99.91603391836199,pigeonpeas
14.096296699178481,58.27549362312995,23.72853398622883,30.42786219008108,56.508568536479515,6.67847636806391,145.6618566136878,pigeonpeas
14.736533214289238,60.52897246332934,7.940008667185996,30.675561101523574,47.60231169656021,5.676829853189563,128.33771560724412,pigeonpeas
10.596318522809373,68.43024485015127,28.539742808565485,26.65603135121325,30.979731881730807,6.20540983242054,145.0951524975701,pigeonpeas
18.30095722877374,61.72538833524298,21.739512645806737,27.898423345447004,48.801357486986824,6.506320680721482,138.25417942130366,pigeonpeas
15.16097196359216,81.801232895854,24.474843277723487,30.1808381828284,58.80883668267255,6.5629720903124,172.2097169784043,pigeonpeas
2.047858055156876,70.04153871996027,18.53825230548538,32.733052272699425,56.4211642544264,5.98477740460341,158.31985396323014,pigeonpeas
23.012176001390877,72.54331433152228,11.849260245002785,28.780049395714677,47.174789205694125,6.4412248820278,130.89037087194575,pigeonpeas
13.979241943240806,79.73842020366703,11.587619533278712,24.766736796873854,48.587349942275374,5.914054812407023,126.87428419343003,pigeonpeas
22.26091165449954,52.94934143096295,11.936302120690897,33.86228674877093,52.67580047175207,5.926718323865044,159.45537695665493,pigeonpeas
27.807965723839555,77.94414420090239,18.982751764346155,30.629493108318666,32.69242780094262,5.771845934762124,153.0967850434114,pigeonpeas
24.955602393693496,58.88217712331358,22.07535993010527,25.82847925393822,46.78432724618268,6.8123869003325055,171.723437422215,pigeonpeas
9.035276071640851,57.427485379798966,16.71061283557347,27.619761096481223,43.73681209140207,6.820321221399833,157.68474604271387,pigeonpeas
25.873021318493148,55.334611710550284,29.33832573907024,19.239493533277926,55.67244361479495,6.767155868835386,138.18997031805097,pigeonpeas
36.274922606969085,67.36902447045654,20.499453626619545,28.718586362212648,74.49259929448844,6.972216954041502,166.52828001782296,pigeonpeas
10.04634616078566,69.43589825479492,13.495007249228909,30.166332541848437,50.12373580587885,5.737739160193052,151.02811458546256,pigeonpeas
10.806990363404335,69.51216221337548,13.127381469077948,27.782462900082436,55.00375889548076,6.273474004037447,139.2277933206903,pigeonpeas
23.43931465268955,74.97182620792853,11.142533840945916,28.481968464115607,59.5403265521392,6.586828481638357,150.4438536666807,pigeonpeas
28.676850080386735,72.52496456102682,26.028808873278514,21.628205167051167,36.57235093069388,6.8024145747416185,111.36802059596398,pigeonpeas
25.81846362863046,64.47950343967709,12.030486035232025,28.74894927144242,50.608268029732564,7.355171326048189,133.37971988660277,pigeonpeas
38.281321440830084,71.52422914384314,14.7118249476583,30.097739372551736,53.52590803563161,6.317921647429024,155.6573839110156,pigeonpeas
13.836155627453621,59.74212874745493,26.075537390580664,27.028181727060176,48.35933601400726,6.439910797972138,155.6322086195952,pigeonpeas
3.848082348311223,80.86252086454859,20.969457215205427,27.09204021153355,52.44676804135797,6.418271096807431,168.17656723724255,pigeonpeas
27.455804065811293,75.17846228996267,30.807951245820128,30.350873646912916,47.716110237371495,5.738549421961584,190.69494832511288,pigeonpeas
18.147319519834646,63.268925866394774,6.106185457884486,28.715419315936334,50.19109283163016,5.54244253187526,160.3318510533294,pigeonpeas
15.021696951582731,94.90315007288694,15.445110463273053,26.39442000340662,42.00179020596506,6.9389382605209855,139.68060513838117,pigeonpeas
12.30103015481404,75.06955009920543,8.957176516694519,29.575331638746842,63.25119773280686,6.583303916417544,164.94745790649813,pigeonpeas
31.440722602889807,85.09708028675519,29.679151680152835,29.01900916681907,56.23113120508801,5.857032537267444,168.40733976868304,pigeonpeas
8.93332834579503,64.32977581368374,0.0,28.904288978102386,43.84902391113318,6.855572607602231,158.75481526513508,pigeonpeas
34.489150736419504,57.16403455327462,28.307088297277062,34.017569033089984,55.113266399455156,6.695174504346144,153.23994190987338,pigeonpeas
14.70397463321563,75.61192372701508,7.951336716783453,26.44673462523755,34.83154558130254,5.948171811342458,165.05112729733904,pigeonpeas
27.064720514645558,68.50913695535473,21.363207952496087,22.042406146407373,46.01950175543268,5.9593241967823944,132.52350773713647,pigeonpeas
28.19494353376504,59.39492673494689,15.162553198980714,21.438792262871452,46.64701455699064,5.7560812261431895,150.98007321724108,pigeonpeas
9.586703439090424,69.04542245549216,18.842513914061254,32.71612531912696,52.97774384362555,5.380181063718848,117.3777788974323,pigeonpeas
21.662496107907998,58.701520516073494,0.0,31.74863894150123,54.76179213524326,6.560488436745886,133.81692386322712,pigeonpeas
26.132121252119155,60.95639675779118,21.638858401741526,24.938250322490568,61.13030760444811,5.514881672959078,179.8070957377708,pigeonpeas
21.466989936207963,63.10533004658009,21.336023373565908,29.90004402153454,59.93397389355518,6.456571511566766,126.73259786844307,pigeonpeas
21.667561485189463,86.16793236662373,30.78142468410099,30.426290434373076,55.36549616097909,6.649725045303271,177.96887086274674,pigeonpeas
15.520454571337137,54.449139342249936,20.552028005896492,25.247255239666927,40.55983395698252,5.939860711706034,211.13284811334216,pigeonpeas
22.63349560891013,71.61907836360989,10.221097543965968,22.16874112362211,42.44757885504956,7.019097792604374,157.35688665191302,pigeonpeas
28.183141097332708,75.38566039202061,15.269204961613777,31.8638967519201,43.93753920622254,7.003116179631276,160.0575539033835,pigeonpeas
0.0,60.51990513399465,5.720491737023163,31.189846398382624,48.802116633580795,5.18582878002511,158.39367204299145,pigeonpeas
14.55402885134016,53.16194144966677,33.42372669574958,28.021857598289735,46.6525487814935,6.100287609506991,111.16801327105568,pigeonpeas
5.345413204990686,80.84916784875084,16.208937041714247,27.76620310281059,32.645356190391404,5.640953982102247,164.24531299686882,pigeonpeas
25.532541121366002,85.53375198724316,30.743650653049812,27.00786708254553,52.78362851770617,6.141698278548462,200.3702454659662,pigeonpeas
34.788176352628795,69.69685090857752,21.60315827901081,32.03455086177942,53.63662277691078,7.079314008535043,94.15880184352815,pigeonpeas
26.53473913798558,62.84565135318615,34.05102390102394,32.33919606156949,49.26268647281045,7.067815489405516,193.57786299981265,pigeonpeas
21.89288006311377,92.71933772431858,19.74927077864222,27.056437148992273,55.92698070867475,6.123104634428843,151.13349439487234,pigeonpeas
37.91321308861092,68.1921885221727,6.439857656197539,28.80195816354759,43.429651367580846,6.7326355786472725,166.40474289565614,pigeonpeas
38.65680417799827,77.07532300792697,28.72195426926452,25.69270971958686,55.43189196712402,7.284225644680145,131.78375228408083,pigeonpeas
42.596859500725174,62.5064990879867,13.184230039600205,28.588601330064513,54.72728332903048,6.755875061986132,124.95593948066995,pigeonpeas
26.214481167051485,61.14445428516495,8.088621951435387,24.913791053401646,42.992797072353454,6.560797580176254,177.80534157671673,pigeonpeas
3.3215204414968014,71.51961074208056,10.586414513832748,29.587256227042,44.018155351970016,5.77433549098836,168.99161288368936,pigeonpeas
13.956928734658861,64.84036048647302,2.240087299548989,30.53965408427042,55.56726816935286,6.302728922140656,110.81047646610602,pigeonpeas
35.51243014001716,61.33736613639209,16.373172399195294,34.63613216907859,43.37090844712616,6.67110498121325,163.05230655206543,pigeonpeas
25.68206631456102,70.8200054255451,23.011108495113596,28.51582177282162,48.58465312979151,7.055641562055371,116.18348598001805,pigeonpeas
33.25749724818452,76.22342298687552,25.587192970635208,31.050938282920384,48.259204837852856,5.365512962086561,147.19268350713784,pigeonpeas
9.105669388505348,60.68140790141936,10.060642609340706,26.267965424668496,44.227010448132404,5.111215085036449,166.50554778205722,pigeonpeas
47.643862296058586,74.06237193496288,18.37660834772618,27.535760812971354,45.63211305589459,6.345020791933479,148.07479764816915,pigeonpeas
10.907418835220467,84.8288838894783,8.102766114321833,29.854994629582738,48.19041898145974,7.250415907532872,157.52161498120554,pigeonpeas
16.681133553801022,65.52292801565503,20.31925355615809,24.271627915010797,42.86504379905671,5.407528015404071,125.92557754064765,pigeonpeas
22.126877779925398,71.0017504928452,4.165362440028785,27.2883648908674,53.50727960657706,6.218543903311883,133.15528385555498,pigeonpeas
16.054066259421433,62.59236645022778,14.906155527135542,28.221470575734543,67.4615058218836,5.928150041547408,141.04643418346433,pigeonpeas
20.37962472749722,61.126455656417065,28.78588642818741,20.587343880080684,44.751526636970596,6.7091568681599805,141.64764229028415,pigeonpeas
11.149932493796504,72.40756754438765,27.250745883177217,28.331906335645176,42.59023712149693,6.528101659575872,138.94876749313025,pigeonpeas
29.94224258272593,82.8325888485659,0.0,28.033202419586896,35.114128504418986,7.520894292664885,137.29688665509525,pigeonpeas
29.956478901904468,67.64683140405104,13.575323354247523,24.93384085846772,61.685433384806075,6.777969030089155,197.5896021844391,pigeonpeas
21.66544002189239,70.87919621246,17.862467474757693,26.838753390654972,40.664904540181055,6.342005095462175,129.26883512784508,pigeonpeas
26.30290706597043,69.7001021898021,22.30145634940578,32.72538981907068,48.69825640187527,6.6783635014267135,200.28773660213955,pigeonpeas
36.67940483154057,79.53169698454845,17.546494275836,28.388929166703388,38.45378966376047,6.549457200482207,155.86150444034604,pigeonpeas
21.280621501874172,78.2719478824286,10.337801420604828,32.60458855348104,56.214117503522274,6.2646830101740125,145.28176030456515,pigeonpeas
26.767334582983132,83.2085123206378,20.812861749520085,28.132092705937676,49.14494782100697,7.191012056350736,139.7779224265744,pigeonpeas
20.645908816571144,82.63435654260995,21.176086668902908,31.111176580136565,41.70975954477633,6.1973537391857425,186.11085096100572,pigeonpeas
12.883923410837454,66.48700960230292,22.053481847131827,24.73253644602104,45.689519051024824,6.35631834091282,150.16704335404904,pigeonpeas
36.36422425004563,83.41457194832253,13.15132102399271,28.03380555750247,54.39398646739812,7.058173732899599,166.96225743292823,pigeonpeas
24.49096081910798,74.66542531982631,25.390150674690076,24.916857123146894,50.54239034005015,7.029580497094345,143.8160807826499,pigeonpeas
22.55335971056933,65.57483550473978,1.4891240351450001,27.761770531704038,51.41433544522298,6.043753304559549,120.1340762778818,pigeonpeas
10.432722482620209,75.64187616135564,35.78019818437524,31.847300022716297,38.245231961355586,6.727313655275351,132.42094060476774,pigeonpeas
14.012795249894674,63.38024402028716,25.648535598843445,30.577760129347112,48.215751429761696,6.259464629495987,160.60659358089484,pigeonpeas
27.815934474290902,79.7622570675853,9.72502419592641,27.76008201941209,40.45580499287058,6.2745288604682985,143.34561780798097,pigeonpeas
20.439006553167573,60.00257111889468,8.10168165434057,21.41668741985529,47.950558765881276,6.08449944708353,132.10155837990433,pigeonpeas
36.87058155397993,59.40561813204689,31.334672657110424,32.57153123280777,33.39279626568495,6.346190729499485,139.00758772910024,pigeonpeas
0.0,53.55358746931586,26.199488856867795,33.75759775813379,56.22142514159399,6.461816236256489,148.4666904592228,pigeonpeas
41.191954975777364,89.48239201957641,15.305258563806511,21.700040319069124,32.21450029383038,6.960940496079901,147.82353648064034,pigeonpeas
23.198902925504623,50.093490070432864,13.97448869769227,26.813557558297653,50.66270706691257,6.100703980543121,123.06684504246644,pigeonpeas
11.585196088769724,80.08323285947233,21.958276956827998,29.536470420866653,41.80900951298136,4.823088257299688,135.9223923278876,pigeonpeas
10.60115334689404,71.4901226862808,46.28578970945473,29.785498052854766,70.8876812750679,6.584384847669724,133.25284406068212,pigeonpeas
25.1749929374506,85.80638599477709,34.63650077056991,25.973987895870764,51.02546956559439,5.585366560164427,169.61671561728573,pigeonpeas
39.640256388670736,68.39799454116016,14.660927565118975,28.780392853832687,52.33967225090533,6.3405719159248095,153.46787810839882,pigeonpeas
18.91422179436755,77.95954928226406,25.889819561321016,24.750690558567552,40.91527517473124,6.172812791486719,167.4209281026295,pigeonpeas
22.776688966689775,61.56849589877345,22.09214877380664,26.70756844143318,56.04389168179305,6.466529217533523,141.1180453136964,pigeonpeas
23.778225264557538,81.15048059524202,15.44295938762898,28.907970944941482,48.436317276272035,6.5134918419310495,132.63587646010674,pigeonpeas
22.32402519791251,79.07823282416801,12.503944150031142,23.711784690024754,38.66835548410428,5.714668734899905,163.8830821973166,pigeonpeas
4.129683769614413,65.0210465525647,24.946314426485664,28.94997718164578,45.91552816030012,6.395461865877553,151.6786332434392,pigeonpeas
18.309108533421764,65.8916528134542,37.883419478055686,21.227932711793905,37.84520734009715,5.45151843353975,102.87583507779631,kidneybeans
5.014490816680231,59.90433197910428,35.21530518930001,17.23389713047473,33.354250401155674,5.078318869660055,78.66327414816809,kidneybeans
16.905225347718947,67.36250078320822,27.384698339601037,20.1523112515588,14.669477941247777,5.633342096740947,97.0234270053825,kidneybeans
10.024155176091242,59.12037063398378,28.22307113146728,13.31550521621858,30.93886957956044,5.528502887198885,85.687284840196,kidneybeans
29.87711148836723,82.85216584147118,28.94105953283166,20.305556148079674,26.694907917774685,4.841751211428067,91.95423646279629,kidneybeans
10.065959279701865,80.24638731215175,16.932175848608907,21.336219670346168,22.286855539909105,5.268846531918159,90.32604475059289,kidneybeans
36.52581228977671,60.24517351315586,20.998940881563833,16.452376141020665,15.488382504673115,5.676919028015014,85.42833724256272,kidneybeans
9.47463655219342,70.86273336777442,13.24210072967059,16.368027332903985,10.487574850384235,5.661045976834341,128.59254085999603,kidneybeans
39.0783436357472,60.740819140062214,37.20248634664969,15.785885417879612,26.668388186622956,5.339151772992279,83.22691825324975,kidneybeans
12.062926118587336,67.47552300350881,24.63977736826888,20.809604113714467,10.448119877216893,5.205170356244366,82.08403266591132,kidneybeans
19.663747171373863,65.89844395809125,12.39859630344164,19.60881108218973,36.10055046668255,5.447642269082425,94.16220446991167,kidneybeans
27.715938843892424,62.41183708263205,25.35171585374546,16.64437187966288,32.65695686061841,5.872387486296147,89.49942627308221,kidneybeans
13.935699606368711,62.86200247291965,30.98199732999099,14.99374697719615,12.656466636323962,5.419169721537287,104.60780083107655,kidneybeans
17.746683688238466,53.08772168609537,16.80141853123626,18.501347950445094,12.975217319361732,6.043387744523833,127.98521071884117,kidneybeans
20.059359603247284,70.3054158685073,2.711552021205833,17.536691683514505,26.038573534063303,5.488281708410361,86.56845809020098,kidneybeans
48.33226711237117,86.19077190195804,23.74059929985726,22.216731834440143,10.0,5.306224279685647,93.25105317067121,kidneybeans
18.168238813596645,63.10055979026038,0.0,19.95807385612568,22.349233026244853,6.500949395794991,85.29226838062591,kidneybeans
10.558042106641174,41.200155140355314,17.65146530727291,21.503335343186514,13.105857102458245,6.771722409271824,98.58512910526191,kidneybeans
22.763907411462668,54.36896919418406,22.297762761402236,12.862040615441915,23.54958364010516,6.062214088117706,138.98228560841275,kidneybeans
8.760375374787735,69.60562118297419,24.510532475092035,20.12684491499093,11.07760579892119,4.50400905522193,113.67400742211203,kidneybeans
19.170003860280968,62.3332940703856,26.11156290972373,18.665241385536703,10.0,4.73427385545189,76.77591837167087,kidneybeans
49.71614753720144,75.22776773932773,21.508898735800095,18.255017218442585,16.020856480420512,6.283597991679548,92.73510645241421,kidneybeans
27.92304492821151,64.51572049708406,35.5212530546805,21.026865522734912,27.964454517469004,5.407795112655881,131.45340281418555,kidneybeans
17.24907089526371,69.1003482393285,33.08038136495567,15.671674829730744,19.625981850443203,5.919002629259364,118.00010952002025,kidneybeans
15.590586082878415,88.86264100808081,9.640544917277918,23.17665616589741,27.72052484473311,6.650444394801843,65.2943225323045,kidneybeans
10.574022145323475,82.9194305916164,4.983686762957529,13.98062329687876,14.093537706308066,5.795996894311134,144.80562684121938,kidneybeans
18.776809020835703,61.91760851935461,22.49111950157142,20.208789449883202,21.52991857736217,5.611006896024327,56.122847152046255,kidneybeans
9.988608130724014,82.20271085267463,21.4965515038128,17.83243364267883,26.945348386991796,5.134941683815526,99.36629665717481,kidneybeans
22.653100862088447,63.58622496705371,20.80610258321279,18.236918205734703,10.0,5.790738940939528,71.79120521217831,kidneybeans
22.987381501160666,81.74135824150109,17.751814421791565,15.285550610087043,16.984097494360157,5.284014445960734,119.86272506578673,kidneybeans
19.22413502972576,85.09763251664573,29.303916765418705,18.340758486555792,23.724872543784727,5.503381795418577,105.8489221291292,kidneybeans
16.662789643796252,75.66455959849709,31.463906213676623,21.19594462157343,25.375492810282847,6.1615167186178645,118.78139805836774,kidneybeans
7.3285660894767855,85.009715194165,34.4352866135874,18.098361190059897,15.034416678270546,6.006205826457688,118.77032087958762,kidneybeans
18.576647174963774,55.49974344412396,22.445609525998215,20.454309614526636,23.806569184310376,5.874646386177104,98.22212129095226,kidneybeans
32.928024474075336,68.65848497565918,16.280615885082234,18.258039853862837,10.0,5.608879087910731,122.21091299686671,kidneybeans
25.07739626567076,83.20664172981186,17.896200687874366,20.26193948915995,24.341921410446176,6.871428504143704,108.61913727794101,kidneybeans
8.469753853631719,76.47928753355282,34.92581884774766,17.832353869320137,24.728652308851327,6.31436402761446,130.42663859925383,kidneybeans
22.506702269682936,61.01526241786854,19.349763615891312,20.175801361632892,25.265780192733832,5.86697252399952,95.50230083648557,kidneybeans
27.664555873797227,76.6008506774282,23.036880451315845,16.291438656385026,16.54875172226248,6.173910388206234,70.42455478138815,kidneybeans
0.0,83.08082850144021,24.091322040175037,20.62019000756032,10.0,6.068764031733269,111.88121718920911,kidneybeans
1.9880690658192322,82.24283414273857,21.269466588949832,17.611748101762196,14.976082032118258,4.692389047283812,119.83341499078409,kidneybeans
24.142286486948706,66.05919867666906,30.227881659613377,14.648422943012463,13.225820189059078,5.274995872619807,98.03012550571117,kidneybeans
21.809640303086677,72.30013523811355,17.224212375159063,16.167932794535318,31.488055598163555,6.905820095894285,108.58216679705063,kidneybeans
11.918635595749594,82.75454131042294,8.425943149372278,17.795680025885517,12.431063589229586,5.120232224774756,97.99939417695576,kidneybeans
10.629935049912422,68.12654464148655,20.21741734137971,16.93600482943406,15.035893147249043,5.584575516048145,125.24615152798567,kidneybeans
19.218847187229773,76.24701740786097,24.686503868437246,20.514592090702227,29.102767762767787,5.140304560127046,93.17042234232215,kidneybeans
42.159585603594834,65.42683499410732,0.0,18.191094970556346,19.079516241306,4.391443441284395,138.3483909971987,kidneybeans
12.435450433612775,71.28563115187515,18.1921476372475,14.934945742387876,10.0,5.232458581786227,132.14179772959096,kidneybeans
19.22954174279818,62.78134483448253,12.52312869927815,22.38845066457838,29.713610180188695,6.29237194935334,117.31093347885417,kidneybeans
24.47796050244854,55.84062182024098,18.03344698631154,16.74841938996069,10.0,6.228521709582683,87.60425134019312,kidneybeans
35.35130288922369,76.81746400760012,24.45374381306735,20.638652215289554,13.077488943410339,6.628925075645332,106.07813577382623,kidneybeans
24.623180221424448,61.509236664333606,12.55067791378432,20.23188802642827,19.740107967510284,5.305323817048712,69.0393320306149,kidneybeans
5.760922952069436,79.96133717091107,15.093969482799427,17.7832743629725,29.602722070072495,5.138924719256793,86.82512935707358,kidneybeans
11.774798057271683,84.1806848116604,35.947068004659315,21.054689676206515,24.26707779323392,5.409822498573635,153.68321217260706,kidneybeans
24.21235505230394,76.5311026444974,19.155800489832366,17.99590223801717,31.30433807676894,5.969861839869154,141.28438652675953,kidneybeans
24.063938060940533,59.51633463576909,15.333256536972097,19.108895727393833,12.987998271653385,5.146269295686155,135.03542579467563,kidneybeans
14.461559150117854,69.38192747791321,22.369068719084837,17.035540624038294,29.606395730469913,5.141429119397694,111.54063158951928,kidneybeans
23.953412476519006,67.45745397135852,9.62469909382414,21.412452655590393,23.94808536267677,5.3622157357043925,122.68718018013405,kidneybeans
25.49889223560931,55.193878546388916,13.16856868342914,22.21484433466874,20.475329481136402,5.417848527094687,83.53810272068395,kidneybeans
14.81527442261495,63.555204701222955,13.232295738965988,13.574707662850095,27.120106291206284,6.185316836305722,73.16861370482852,kidneybeans
22.63573554676401,58.977617972852336,17.907462214187717,17.76570026037903,14.57732627425702,6.701473542038143,93.99185788309524,kidneybeans
11.300834099196903,60.37418570502952,28.350215651214043,13.843693004921196,11.899016668515838,6.423411420055767,111.09965469994117,kidneybeans
23.303064060433357,89.32146460143701,21.97078362358799,16.675441515921253,15.74338354498921,5.132283845484716,136.39842600039242,kidneybeans
27.894740610440586,79.24414149970889,29.703871428394965,17.5573676572174,10.44197718392888,5.674143444345977,83.18097323028654,kidneybeans
22.979482504908297,79.32096880834689,18.654882831606663,19.24998526972322,17.249235070213068,6.101363786218849,88.30544014279275,kidneybeans
0.0,72.7086885937538,27.90267537046395,20.13912273427561,12.878156036255888,5.132493950906966,117.36243829450804,kidneybeans
22.697747435216083,66.74207372341671,34.579706743950325,15.959599717456005,32.20029616901972,5.71589195243532,59.11073807822813,kidneybeans
18.84956814817031,77.59496076599441,17.079559737560235,14.375664376284817,16.68388374563064,5.2714138130541475,117.29536002719907,kidneybeans
30.280797792811335,57.43729592251894,14.353567559074804,21.069927395320814,11.129245773608327,5.158920932086002,75.53272170509364,kidneybeans
25.224463355497445,71.09157719517464,14.527631756967667,18.8152561883847,30.217059073241046,5.212969921540889,56.20643477473876,kidneybeans
26.460906908644446,66.89598836098412,14.31979930547919,20.756240712064724,24.713801157350318,4.595860990059954,88.68505226671279,kidneybeans
48.81019477436226,73.83404915798191,25.408829106377198,22.318682835894435,18.136550601597808,6.098342080045811,122.95155109593006,kidneybeans
27.46849796103311,64.77988029382595,21.37647137893007,17.034915307079665,18.10251443653196,5.115754553950366,85.23440021817619,kidneybeans
17.612255496900847,58.56294568569924,15.959861834038588,18.308222069733453,21.21809875731502,6.174628650926455,93.4053907155473,kidneybeans
37.021255407223485,77.38611078625493,24.032750655551535,19.260947387889857,20.55296673494833,6.293525575333192,135.58949149398182,kidneybeans
37.019360740603716,68.41326831877004,24.439737319988904,22.830639519866153,13.010271720668857,5.540791573140848,105.40091657533696,kidneybeans
31.79518485575288,77.15172150718622,18.153087110416518,14.27417163686087,19.96947155436774,5.240841931335799,67.75159488399444,kidneybeans
5.833541271195401,71.2638100784556,30.888298887462454,18.916683548708733,19.691045237167717,6.291447469438963,66.38862727291115,kidneybeans
27.24211705920326,67.88410215681179,24.528459670656538,17.349548274788553,11.456501676588143,5.770254452142803,146.22978308336155,kidneybeans
31.330921254497554,62.92307229819909,9.272223712149762,13.753798148906643,28.52879561480385,5.222458855932087,96.86216467512659,kidneybeans
36.854533512930914,51.86098544521008,31.938116075800473,18.039078638322493,10.0,5.576324536425544,86.93508046496305,kidneybeans
26.28983758686859,61.518675661122224,4.706862312647656,18.13831239677303,10.0,5.80215994199416,75.3217416929169,kidneybeans
15.143846361934969,69.82587804214336,18.300330199725845,19.551290849003134,23.442297325742054,5.121033150134347,103.3900614843823,kidneybeans
0.0,70.47333301682524,17.59348695700126,15.849650709566086,20.525755378372192,6.286348788592534,93.09955631002643,kidneybeans
9.662226117099358,69.65025262438712,9.315146666829115,16.818855888393383,27.77921729320402,5.731089614906144,58.013325901345844,kidneybeans
0.0,69.62085692646775,26.899124607341502,13.94713562412155,21.59770085997207,6.3651717537448596,152.19647469896597,kidneybeans
24.974673118318517,73.06802594552474,2.934524578974848,25.09925764398797,13.396078295231028,5.23326442078748,98.61984663900938,kidneybeans
39.14008097022517,90.08046047543547,21.003269435806754,21.794252517810968,18.34563238948403,5.181102263490908,141.91859176970726,kidneybeans
13.534470235723333,83.35530773371883,30.38833063815267,20.642108791871625,32.631798050034824,6.816173016592869,100.61891592589221,kidneybeans
11.294470579002825,49.35730162743528,37.957458043442045,17.480953973244652,27.080294856813914,5.329372316245259,143.45664102280088,kidneybeans
12.59858889821504,56.08280866382657,18.331948552369997,17.20467289711509,22.7703982836897,5.674302536403738,120.69255986379804,kidneybeans
17.507742322976473,61.34892628981195,15.331515616831412,24.93481639409308,19.801367457815488,4.708118895273478,91.99477466364797,kidneybeans
22.162392389710508,86.45399681250379,28.229589727119198,16.034846490554255,37.346846028579606,5.684419817599261,136.15824527687363,kidneybeans
7.139898031201168,44.01836904749102,8.732548077053114,9.048999571412883,34.89671461802327,5.807266459443208,81.88389953879921,kidneybeans
26.431488359761453,69.89334036180166,24.96746716491193,22.428594203408807,15.680630775799877,5.260080346949507,125.69438035929794,kidneybeans
30.62799333461359,69.00735808121345,37.420433509446184,17.486533631415043,10.801136226917855,5.909045713753301,88.12655357716254,kidneybeans
26.946198289738746,59.6699174416056,16.798061736544916,24.472521260117496,14.755301146018569,5.300574227991352,134.2669697176625,kidneybeans
8.387496596559675,61.07056769852932,24.612488964071957,21.615234271619876,27.763811128648598,5.326389083889758,119.900216824653,kidneybeans
15.406701605469845,61.94344366489368,29.625702258338283,17.151336812421242,20.22563676816784,5.77778973461532,78.23114059153744,kidneybeans
32.59311426427585,73.60280893678954,4.109675105036633,19.63226333371203,11.816212526667032,6.248537653206314,68.86500408048104,kidneybeans
35.72227637644547,71.62024550988465,80.434722353135,21.088874770141913,10.0,7.925957168433689,93.12861646970678,chickpea
56.31661855601075,76.74240169233242,79.90711908435965,14.94740536726652,12.491574550010393,7.894781666431288,114.63594454140956,chickpea
32.56480023875572,39.816957137978214,78.29848212555905,17.93689133561265,15.001819103676933,7.3642696009157005,101.90531448304158,chickpea
51.88359456519429,72.45709140135367,65.59383438461892,17.776400801920115,35.432718268393515,7.287108367401239,89.19548921109663,chickpea
44.3138312772863,72.15379622505989,60.93510255131261,18.081427049266797,16.696857345642485,7.740747699626706,81.1918223655574,chickpea
20.241863360776705,72.30089156171752,73.56940281405804,15.149643076755748,10.326727626267353,7.371252114832258,111.46903099400171,chickpea
45.79515934213104,74.32023223617021,83.78436218270402,19.103981530581407,22.57544507970206,5.89061226646529,82.77720878262083,chickpea
27.46089958453298,79.6290257254414,78.82275755826511,18.89284426480349,10.0,7.608415444506425,95.68320300684523,chickpea
46.68337458808604,59.869771478311776,73.81088124049496,19.470798363337718,11.44401271801559,7.317446481338669,25.977184930831946,chickpea
34.149465323120886,85.96753465426491,83.51588662396613,19.300380993592977,32.881812285370856,5.932023190599281,59.617222130297314,chickpea
35.18592193903133,76.5835123300539,87.00525090582589,16.20197987305212,24.983634577140396,6.8983426163391455,110.29099064122917,chickpea
27.608287622535308,66.7668840093384,76.07866147698752,21.968091114697142,12.817750267470633,7.078775735494122,92.67028494157623,chickpea
46.54310179631344,76.86952607473171,81.68899821475733,17.545253254160507,14.202410037129997,7.112836157603805,86.23981190185958,chickpea
38.23394022581876,68.19203420965547,67.86196911542316,20.802065853364034,18.44889831111544,7.600935206770544,80.00401268517713,chickpea
19.139229057738564,64.41553810693325,78.40056061505267,21.028709916300798,10.0,7.120589758474467,92.84188039483266,chickpea
32.062145376621764,68.74628009816847,74.98370792680124,16.61128120033883,13.732641198949464,6.744654003766494,97.09045779840832,chickpea
31.18057747797547,58.970899929520726,94.14342933471627,21.682220035472106,10.0,6.717615855073733,86.06157429306776,chickpea
43.88506080677792,53.095071342631066,89.26852394257858,21.275673257544877,20.85521305632271,7.778364245356061,91.30724981427295,chickpea
45.38297055102217,83.57679271822242,88.80975664582166,16.275477623265406,22.06556142937532,6.767866067520709,92.60386377375696,chickpea
45.71936208423777,54.165326875440144,79.02523510951171,19.595771070741208,13.509678472046744,7.2573549711953795,100.14744442502672,chickpea
39.632883229230934,70.24599476708259,91.0673926284478,20.21958974967568,18.60659431739579,6.620960310179319,96.77565028472122,chickpea
43.96179939270326,80.83739433701408,80.37502834642649,13.351200499598013,10.0,7.467840381879866,65.74516005754617,chickpea
45.24121301332597,69.14232644502356,78.66528265844863,18.51091614323533,10.076883959638185,7.092111155550164,65.38766418014004,chickpea
35.53292175849154,64.76350955290839,78.18645384081024,21.56652036952126,15.961673366362453,7.611851168295049,118.44637378316204,chickpea
50.2593358126738,73.34468535068511,82.61465767586816,21.39607612715021,17.714885908769915,7.592284922978599,95.3526451322421,chickpea
35.68191447063535,76.95850880102806,80.73184004782055,18.481603977163054,13.190406716808102,7.1830094239372855,104.9115653853246,chickpea
50.66728006711645,71.53393797458956,84.79714912580029,22.615090374567675,15.800269670633112,6.542289998234897,112.52824630446432,chickpea
33.64266097563138,61.09661876656095,65.63041795732359,20.51384915949289,10.0,6.7248705961541315,94.70591986287647,chickpea
48.663055028900466,61.482958517817664,78.92677338406075,16.182216420781543,12.612825697510537,7.233107630076453,67.45883303008856,chickpea
37.06941951789197,53.352933183824334,89.0636493184491,20.330199779513197,23.343242974697613,7.745212662308431,59.36967811135709,chickpea
35.69926620366372,49.05165632417789,105.1233832808179,18.35124405404787,25.309823199319297,6.48091942783227,104.90971064107524,chickpea
62.291090519795986,67.39719250972018,71.91294802728319,18.383610797163392,10.0,7.081056649489079,100.5241784828249,chickpea
39.57090826751783,65.15860445311033,84.22054492889626,20.61207454084866,10.0,7.144411481139394,140.8996281057311,chickpea
23.979805052223714,67.14581167166934,95.53396897641362,22.112525469631027,12.892826553791508,7.203067689811301,79.94720800037942,chickpea
31.02313834813999,67.25747892506918,77.76027093754777,19.13824681423025,11.012934554471734,6.461690899877669,78.96798066519074,chickpea
60.58141861814536,68.82202926262796,77.34724976854764,21.062257415115496,15.733443099236972,8.034016462479554,79.90218726762303,chickpea
48.40596475789796,60.45395617606727,84.0247140266933,19.625280430831264,16.547951002726336,6.849121119415139,64.04924585869064,chickpea
43.38823196775583,74.28939109696474,78.98269762964695,19.661803787362377,16.696682574937842,7.1492630124526935,74.98887543306938,chickpea
40.2156709524197,94.98040456817427,82.4930743904594,20.73589087529313,20.504188842624774,6.96859158835147,112.3497303322917,chickpea
36.506034754883906,78.55054548942552,77.32634401546841,15.920082442567878,19.923169665889542,6.5476658219489465,93.39100562541523,chickpea
25.6700961269042,64.80991969527146,68.54616242780207,27.27250102820819,10.0,7.104906870198202,108.58260685825034,chickpea
52.4366309030443,76.51342122173138,77.46217289422819,22.853266839011006,24.30712872641746,7.206149808830238,86.0145189431648,chickpea
36.35292822861553,58.903479741669614,89.89720780382973,22.736623980804595,10.0,7.023107417426904,76.41441958852677,chickpea
39.60812915511628,68.64294878587582,87.57489169316943,16.55834807453977,10.22922406789872,7.7183098710714875,68.43388145296754,chickpea
24.843575757075207,63.1487005790013,77.35957811804799,23.464888183177294,24.398609699013896,7.673760308316121,100.49934105866964,chickpea
51.35492405938377,61.11917873419682,78.41118275717213,15.830254060929354,15.316095755703733,7.442052495467371,83.36458212030617,chickpea
55.73776982752354,56.585842077727804,84.00190680558592,15.055091594392046,17.753411753389138,7.470166711278239,74.63743582939452,chickpea
46.61351924904347,58.40267665167066,66.69048017442894,20.47108886746341,30.95208187260586,6.601977529915054,110.55485450266988,chickpea
40.521080905796936,54.64308478306924,70.94795758918269,18.84735432008195,13.76430169660717,6.44354351162088,37.64901796936488,chickpea
29.839368064881928,69.93809008331118,79.9487939791749,17.296286127499766,18.61509755433186,7.6200133599313435,89.85316276085369,chickpea
38.54429594332503,77.28072006660689,72.32119758226963,18.125241381333947,15.391296515197055,6.481523370778577,69.50314594289105,chickpea
15.100483829256362,87.12178047662954,72.5006896925095,23.55834239426394,17.30467604575594,7.382432066077979,67.78000504122672,chickpea
42.49515630354009,74.50489639988436,85.31641931515345,21.124320170223072,14.053338319686588,6.859820163754322,40.145591868309914,chickpea
46.27862813412324,78.82378711323443,92.92785343934344,19.715517903741524,10.868161816731446,6.251451928355272,106.04166832708376,chickpea
18.444681198669574,64.59395922256233,78.20554537645083,18.591634586446943,17.28642080028672,7.169073778183787,19.61591844803676,chickpea
40.17587091844152,45.70424425888123,85.85774458472795,17.134624532589164,10.0,6.6928976613073115,65.74811652038366,chickpea
54.28839541066006,69.96637741750246,82.75555955480465,22.343664902661803,16.230845696604085,7.4770939805162016,97.0965278482998,chickpea
24.562366077167052,82.7298357762983,68.63758575943444,21.552099948433543,10.0,7.4006183940758365,126.54787195375431,chickpea
37.444256121397466,65.43644357146853,84.8835199945348,17.811810632112373,31.546229629942573,7.196096124729348,71.99576229448186,chickpea
33.5165736652518,58.67051529826979,74.97796010594008,17.747979819024213,13.09888741201136,6.770912362931448,132.471030758811,chickpea
27.63885908212612,69.46632587646175,84.74016807808698,20.6903239867512,16.531143393740223,6.979648714076345,91.28868728098766,chickpea
43.19825979973841,65.41041165232487,67.50497142620455,17.396228833000258,10.0,6.766420224966836,80.83058096292399,chickpea
44.30483372795939,85.80452751292407,75.70074896876949,21.12387690582545,19.44768019550269,7.747998835319894,94.40571798989065,chickpea
27.898222872564205,50.76953970708769,82.49009359734004,17.21464700629883,10.0,6.4662111477334605,84.02438743967889,chickpea
58.09249239176038,63.913276542939585,84.72216248860258,18.493200949347223,10.0,7.467405671755208,52.63269889931571,chickpea
40.25951956712278,64.58479584994694,87.14461947652553,15.625547022587941,20.126959262415678,6.680101296325649,67.22236969178037,chickpea
0.0,88.92098571617909,84.40445546260986,16.497957542185507,10.0,6.8521756235603295,97.92198837048629,chickpea
17.294980892980895,66.58415580705662,94.16513497970139,15.398160992096589,17.64308031010924,8.201654907628878,95.80379074226931,chickpea
41.51108584582546,73.06636454909003,76.79307731992238,22.69889385591032,13.805359816798305,6.1204091956320115,70.2174224014885,chickpea
28.39918564147956,65.18805987802571,77.92732752735495,22.392269599414725,22.562341813315086,7.2316327437876975,79.92636471668513,chickpea
27.293703893704066,46.18824762334323,80.90528009114226,21.183923610720978,16.133328934043288,6.83257283860665,91.6125541303553,chickpea
39.000013592507834,84.85744191973961,89.86182673654628,21.678524171069988,23.06187291367923,6.454916292774271,96.57484255131499,chickpea
44.5159114917589,74.06424728391164,83.94087589450442,20.158287763544198,38.60693175639676,7.06190716502404,103.40843452073325,chickpea
34.34812227683196,75.90641583887673,87.51455912185965,19.893278231406043,30.353975539011998,6.657861981819791,67.81947645829445,chickpea
42.548561032281874,76.80806853484222,81.43543617035947,22.657277109531698,11.706481032269444,6.5297107552557225,87.70320841341261,chickpea
39.073836686635644,73.4286372035822,79.78078167306796,17.77994062812963,16.400499426210214,7.114424447396592,72.37546750379174,chickpea
37.56241544411886,63.9640666301309,86.85332095895525,19.3820630135174,35.054019777350135,7.180352275639231,66.22856324178346,chickpea
72.04810449835678,72.13626377714336,87.92099829514254,20.576308949607476,21.98408823438199,7.367827025676236,52.44788588059836,chickpea
44.41034857073694,54.75138696149761,78.60509730869973,16.62314763031014,19.859761486789793,7.267063123669117,92.02864726912966,chickpea
43.44755887298905,61.931746582136014,77.91197208518656,21.561188483763456,25.5428534183552,6.526608450686725,41.72680918718384,chickpea
31.277327401543456,78.4520758203225,89.71907224146427,16.025864358796486,19.458474829890704,8.017215666570044,90.38278693100834,chickpea
57.05803942279712,77.98726570083099,72.71841035017671,18.230055729508766,17.278035826334783,7.15206669401067,102.90822383596428,chickpea
44.904217147304905,38.637990562218846,69.49727781525819,12.237857255071871,18.402921925242673,7.22024382473388,87.08062396526796,chickpea
28.492860787424604,74.74144005119989,85.73009997174823,15.034552798384528,10.0,7.099934156886531,124.79455684033397,chickpea
60.396912906383704,73.63404360448052,74.16002662735939,21.460527978465755,13.380605881527668,6.716246481663094,26.400829209450144,chickpea
41.22858638017183,61.70132650862625,80.77144303622804,11.901926911288816,18.358613380669496,5.8844394180141855,107.1985063317138,chickpea
46.26269480962101,65.21335228575413,84.50175888065664,15.865777212009345,17.57900412491914,7.4973870192301675,10.0,chickpea
34.63330768386972,67.77355869863625,78.42965105803387,23.171305478682214,10.0,6.789420378277385,32.10327434228879,chickpea
58.12343981527775,65.537098573912,76.49272889570635,18.64255195306786,22.089886627442592,7.273681701758062,146.1971053389272,chickpea
45.44723066084529,63.34754570830919,75.50914609980842,17.621723142749573,10.0,7.119932103745793,99.58670265522292,chickpea
32.639636792521166,59.926199437158886,92.12756117035387,14.520550530136505,10.0,6.523549028176308,41.48918207189259,chickpea
44.63471276925498,64.39295499550427,78.24250363980929,22.25880253092432,11.469321110697788,7.48754470587282,117.78306998008007,chickpea
34.53205002383607,75.37022855556313,78.06545669976816,21.57229438652237,10.0,6.277243877437327,70.21830712731148,chickpea
29.33290229128275,62.832908905701146,78.24378734042288,20.960040595508755,13.738715371472521,6.688069344688456,71.21216558102753,chickpea
30.77025664232059,58.65994497937285,67.09586549138425,19.008434348663236,12.450354347223573,7.583139369617335,43.815097698526486,chickpea
33.49499733942545,86.1290722065875,72.4831238632172,18.090400243711628,10.0,6.425786243609509,118.68277457719196,chickpea
42.05247391164577,69.33678838237623,66.42947011907022,19.87622416432491,26.259375567950606,7.674738530414264,96.70833074015403,chickpea
26.446173068855153,71.13123417192992,85.34067968381287,13.416669244733296,10.0,7.544078660871721,101.90114441679822,chickpea
21.417003596543292,75.95021459269172,80.76242719322894,21.143026863821454,11.92382941252847,7.422591748240451,101.09571936214061,chickpea
35.78398077453146,68.17752546173286,74.81182696396277,23.75491684605764,16.037824485393873,6.638987837411409,62.104352153131245,chickpea
